town,map,source,zh-CN,classification,definition_types
"aldebaran","alde_alche","Alchemist","炼金术师","玩家可见","script"
"aldebaran","alde_alche","Alchemist Guildsman","炼金术师公会成员","玩家可见","script"
"aldebaran","alde_alche","Alchemist Union Member","炼金术师联盟成员","玩家可见","script"
"aldebaran","alde_alche","Chief Researcher","首席研究员","玩家可见","script"
"aldebaran","alde_alche","Craft Book Merchant","制作书商人","玩家可见","script"
"aldebaran","alde_alche","Experiment Expert","实验专家","玩家可见","script"
"aldebaran","alde_alche","Fastidious Alchemist","挑剔的炼金术师","玩家可见","script"
"aldebaran","alde_alche","Guild Dealer","公会商人","玩家可见","script"
"aldebaran","alde_alche","Master Alchemist","炼金术大师","玩家可见","script"
"aldebaran","alde_alche","Material Seller","材料商人","玩家可见","shop"
"aldebaran","alde_alche","Muscle Man","肌肉男","玩家可见","script"
"aldebaran","alde_alche","Studying Man","研究中的男子","玩家可见","script"
"aldebaran","alde_alche","Valerie","瓦莱丽","玩家可见","duplicate"
"aldebaran","alde_gld","Bennit","本尼特","玩家可见","duplicate"
"aldebaran","alde_gld","Cat Paw Merchant Megrez","猫手商人梅格雷兹","玩家可见","duplicate"
"aldebaran","alde_gld","ClickClick MeowMeow-GX","咔嗒喵喵-GX","玩家可见","duplicate"
"aldebaran","alde_gld","Defolty","德芙蒂","玩家可见","duplicate"
"aldebaran","alde_gld","Defolty of Kafragarten","卡普拉花园的德芙蒂","玩家可见","script"
"aldebaran","alde_gld","en_turbo","竞速入口","玩家可见","script"
"aldebaran","alde_gld","Gate Manager","城门管理员","玩家可见","duplicate"
"aldebaran","alde_gld","Glaris","格拉里斯","玩家可见","duplicate"
"aldebaran","alde_gld","Hohenschwangau","霍恩施旺高","玩家可见","duplicate"
"aldebaran","alde_gld","Investment Status Board","投资状态公告牌","玩家可见","duplicate"
"aldebaran","alde_gld","Luina Training Instructor","露依纳训练教官","玩家可见","duplicate"
"aldebaran","alde_gld","Mount Manager","坐骑管理员","玩家可见","duplicate"
"aldebaran","alde_gld","Neuschwanstein","新天鹅堡","玩家可见","duplicate"
"aldebaran","alde_gld","Nuernberg","纽伦堡","玩家可见","duplicate"
"aldebaran","alde_gld","Repairman","修理工","玩家可见","script"
"aldebaran","alde_gld","Rothenburg","罗滕堡","玩家可见","duplicate"
"aldebaran","alde_gld","Sign","告示牌","玩家可见","script"
"aldebaran","alde_gld","Sorin","索琳","玩家可见","duplicate"
"aldebaran","alde_gld","Sorin of Kafragarten","卡普拉花园的索琳","玩家可见","script"
"aldebaran","alde_gld","Turbo Track Guide","涡轮赛道向导","玩家可见","script"
"aldebaran","alde_gld","W","达布留","玩家可见","duplicate"
"aldebaran","alde_gld","Wuerzburg","维尔茨堡","玩家可见","duplicate"
"aldebaran","aldeba_in","Advanced Potion Merchant","高级药水商人","玩家可见","shop"
"aldebaran","aldeba_in","Ammunition Merchant","弹药商人","玩家可见","duplicate"
"aldebaran","aldeba_in","Armor Dealer","防具商人","玩家可见","shop"
"aldebaran","aldeba_in","Arrow Merchant","箭矢商人","玩家可见","duplicate"
"aldebaran","aldeba_in","Cat Paw Shrimp Merchant","猫手虾商人","玩家可见","duplicate"
"aldebaran","aldeba_in","Esseray","埃瑟雷","玩家可见","script"
"aldebaran","aldeba_in","Friendly-Looking Man","和善的男子","玩家可见","script"
"aldebaran","aldeba_in","Fussy Man","挑剔的男子","玩家可见","script"
"aldebaran","aldeba_in","Gemstone Bagger","宝石装袋商","玩家可见","duplicate"
"aldebaran","aldeba_in","Kafra Employee","卡普拉员工","玩家可见","script"
"aldebaran","aldeba_in","Kafra Jasmine","卡普拉茉莉","玩家可见","script"
"aldebaran","aldeba_in","Kafra Service","卡普拉服务员","玩家可见","script"
"aldebaran","aldeba_in","Mado Gear Merchant","魔导机甲商人","玩家可见","duplicate"
"aldebaran","aldeba_in","Master","大师","玩家可见","script"
"aldebaran","aldeba_in","Monograph","专著","玩家可见","script"
"aldebaran","aldeba_in","Monster Tamer","魔物驯养师","玩家可见","script"
"aldebaran","aldeba_in","Ninja Tool Merchant","忍者道具商人","玩家可见","duplicate"
"aldebaran","aldeba_in","Piru Piru","皮鲁·皮鲁","玩家可见","script"
"aldebaran","aldeba_in","Repairman","修理工","玩家可见","script"
"aldebaran","aldeba_in","RS125","RS125 管理员","玩家可见","script"
"aldebaran","aldeba_in","Sir Jore","乔尔爵士","玩家可见","script"
"aldebaran","aldeba_in","Talisman Merchant","符咒商人","玩家可见","duplicate"
"aldebaran","aldeba_in","Threatening-Looking Man","神情凶狠的男子","玩家可见","script"
"aldebaran","aldeba_in","Tool Dealer","道具商人","玩家可见","shop"
"aldebaran","aldeba_in","Trader","商人","玩家可见","script"
"aldebaran","aldeba_in","Tzerero","特泽罗","玩家可见","script"
"aldebaran","aldeba_in","Weapon Dealer","武器商人","玩家可见","shop"
"aldebaran","aldebaran","Alchemy Guy","切米尔","玩家可见","script"
"aldebaran","aldebaran","Bell Keeper","钟楼管理员","玩家可见","script"
"aldebaran","aldebaran","Bill Thayer","比尔·塞耶","玩家可见","script"
"aldebaran","aldebaran","Bulletin Board","艾尔帕兰：边境城市","玩家可见","script"
"aldebaran","aldebaran","Canal Guy","巴拿马","玩家可见","script"
"aldebaran","aldebaran","Chef Assistant","厨师助手","玩家可见","shop"
"aldebaran","aldebaran","Citizen","加文","玩家可见","script"
"aldebaran","aldebaran","Continental Messenger","大陆使者","玩家可见","duplicate"
"aldebaran","aldebaran","Cool Event Staff","活动工作人员","玩家可见","duplicate"
"aldebaran","aldebaran","Dolangmal","多朗马尔","玩家可见","duplicate"
"aldebaran","aldebaran","Eden Teleport Officer","乐园团空间传送员","玩家可见","duplicate"
"aldebaran","aldebaran","Forest Guy","森林研究者","玩家可见","script"
"aldebaran","aldebaran","Forger Munster","蒙斯特","玩家可见","script"
"aldebaran","aldebaran","Guide","向导","玩家可见","duplicate|script"
"aldebaran","aldebaran","Guild Warehouse Manager","公会仓库管理员","玩家可见","duplicate"
"aldebaran","aldebaran","Hohenschwangau","霍恩施旺高","玩家可见","duplicate"
"aldebaran","aldebaran","Insect Guy","昆虫研究者","玩家可见","script"
"aldebaran","aldebaran","Issei","一诚","玩家可见","script"
"aldebaran","aldebaran","Joo Jahk","朱雀","玩家可见","script"
"aldebaran","aldebaran","Kafra Employee","卡普拉员工","玩家可见","script"
"aldebaran","aldebaran","Kafra Teleportation","卡普拉传送员","玩家可见","script"
"aldebaran","aldebaran","Kafra Voting Staff","卡普拉投票员","玩家可见","script"
"aldebaran","aldebaran","Karian","卡里安","玩家可见","duplicate"
"aldebaran","aldebaran","Lady","女士","玩家可见","script"
"aldebaran","aldebaran","Little Kid","小孩","玩家可见","script"
"aldebaran","aldebaran","Mado Gear Armorer","魔导机甲整备员","玩家可见","duplicate"
"aldebaran","aldebaran","Mailbox","邮箱","玩家可见","duplicate"
"aldebaran","aldebaran","Maroll Battle Recruiter","马洛尔战斗招募员","玩家可见","duplicate"
"aldebaran","aldebaran","Merchant","商人","玩家可见","script"
"aldebaran","aldebaran","Meteurengut","梅特伦古特","玩家可见","script"
"aldebaran","aldebaran","Mr. Claus","克劳斯先生","玩家可见","duplicate"
"aldebaran","aldebaran","Neuschwanstein","新天鹅堡","玩家可见","duplicate"
"aldebaran","aldebaran","Nuernberg","纽伦堡","玩家可见","duplicate"
"aldebaran","aldebaran","Phracon Guy","弗拉昆研究者","玩家可见","script"
"aldebaran","aldebaran","Point Merchant","积分商人","玩家可见","duplicate"
"aldebaran","aldebaran","Promotional Staff","宣传员","玩家可见","script"
"aldebaran","aldebaran","Riding Creature Master","坐骑管理员","玩家可见","duplicate"
"aldebaran","aldebaran","Rogue Agent","流氓代理人","玩家可见","script"
"aldebaran","aldebaran","Rothenburg","罗滕堡","玩家可见","duplicate"
"aldebaran","aldebaran","Royal Messenger","王室使者","玩家可见","duplicate"
"aldebaran","aldebaran","Shell Gathering Lady","乔安妮","玩家可见","script"
"aldebaran","aldebaran","Sign","告示牌","玩家可见","duplicate"
"aldebaran","aldebaran","Signposts","路标","玩家可见","script"
"aldebaran","aldebaran","Slot Guy","埃普希尔","玩家可见","script"
"aldebaran","aldebaran","Smile Assistance","微笑服务员","玩家可见","duplicate"
"aldebaran","aldebaran","Smithing Guy","夸特罗","玩家可见","script"
"aldebaran","aldebaran","Sylvia","西尔维娅","玩家可见","script"
"aldebaran","aldebaran","Town Girl","城镇女孩","玩家可见","script"
"aldebaran","aldebaran","Wuerzburg","维尔茨堡","玩家可见","duplicate"
"aldebaran","aldebaran","Young Man","米勒","玩家可见","script"
"aldebaran","aldebaran","Zonda Teleportation","赞达传送员","玩家可见","duplicate"
"aldebaran","aldeg_cas01","Agit","城堡管理员","玩家可见","duplicate"
"aldebaran","aldeg_cas01","Alfredo","阿尔弗雷多","玩家可见","duplicate"
"aldebaran","aldeg_cas01","Buzz","巴兹","玩家可见","duplicate"
"aldebaran","aldeg_cas01","Gate Manager","城门管理员","玩家可见","duplicate"
"aldebaran","aldeg_cas01","Gealuve","吉洛夫","玩家可见","duplicate"
"aldebaran","aldeg_cas01","Guardian","守护者","玩家可见","duplicate"
"aldebaran","aldeg_cas01","Kafra Staff","卡普拉职员","玩家可见","duplicate"
"aldebaran","aldeg_cas01","Lenya","莱妮娅","玩家可见","duplicate"
"aldebaran","aldeg_cas01","Neuschwanstein","新天鹅堡","玩家可见","duplicate"
"aldebaran","aldeg_cas01","Pariz","帕里斯","玩家可见","duplicate"
"aldebaran","aldeg_cas01","Treasure","宝箱","玩家可见","duplicate"
"aldebaran","aldeg_cas02","Agit","城堡管理员","玩家可见","duplicate"
"aldebaran","aldeg_cas02","Buzz","巴兹","玩家可见","duplicate"
"aldebaran","aldeg_cas02","Chenchenlie","陈晨莉","玩家可见","duplicate"
"aldebaran","aldeg_cas02","Gate Manager","城门管理员","玩家可见","duplicate"
"aldebaran","aldeg_cas02","Gealuve","吉洛夫","玩家可见","duplicate"
"aldebaran","aldeg_cas02","Guardian","守护者","玩家可见","duplicate"
"aldebaran","aldeg_cas02","Hohenschwangau","霍恩施旺高","玩家可见","duplicate"
"aldebaran","aldeg_cas02","Kafra Staff","卡普拉职员","玩家可见","duplicate"
"aldebaran","aldeg_cas02","Lenya","莱妮娅","玩家可见","duplicate"
"aldebaran","aldeg_cas02","Pariz","帕里斯","玩家可见","duplicate"
"aldebaran","aldeg_cas02","Treasure","宝箱","玩家可见","duplicate"
"aldebaran","aldeg_cas03","Agit","城堡管理员","玩家可见","duplicate"
"aldebaran","aldeg_cas03","Buzz","巴兹","玩家可见","duplicate"
"aldebaran","aldeg_cas03","Gate Manager","城门管理员","玩家可见","duplicate"
"aldebaran","aldeg_cas03","Gealuve","吉洛夫","玩家可见","duplicate"
"aldebaran","aldeg_cas03","Guardian","守护者","玩家可见","duplicate"
"aldebaran","aldeg_cas03","Kafra Staff","卡普拉职员","玩家可见","duplicate"
"aldebaran","aldeg_cas03","Lenya","莱妮娅","玩家可见","duplicate"
"aldebaran","aldeg_cas03","Nahzarf","纳扎夫","玩家可见","duplicate"
"aldebaran","aldeg_cas03","Nuernberg","纽伦堡","玩家可见","duplicate"
"aldebaran","aldeg_cas03","Pariz","帕里斯","玩家可见","duplicate"
"aldebaran","aldeg_cas03","Treasure","宝箱","玩家可见","duplicate"
"aldebaran","aldeg_cas04","Agit","城堡管理员","玩家可见","duplicate"
"aldebaran","aldeg_cas04","aldeg-4-15_aldeg-4-","露依纳城堡通道","玩家可见","script"
"aldebaran","aldeg_cas04","Brymhensen","布林汉森","玩家可见","duplicate"
"aldebaran","aldeg_cas04","Buzz","巴兹","玩家可见","duplicate"
"aldebaran","aldeg_cas04","Gate Manager","城门管理员","玩家可见","duplicate"
"aldebaran","aldeg_cas04","Gealuve","吉洛夫","玩家可见","duplicate"
"aldebaran","aldeg_cas04","Guardian","守护者","玩家可见","duplicate"
"aldebaran","aldeg_cas04","Kafra Staff","卡普拉职员","玩家可见","duplicate"
"aldebaran","aldeg_cas04","Lenya","莱妮娅","玩家可见","duplicate"
"aldebaran","aldeg_cas04","Pariz","帕里斯","玩家可见","duplicate"
"aldebaran","aldeg_cas04","Treasure","宝箱","玩家可见","duplicate"
"aldebaran","aldeg_cas04","Wuerzburg","维尔茨堡","玩家可见","duplicate"
"aldebaran","aldeg_cas05","Agit","城堡管理员","玩家可见","duplicate"
"aldebaran","aldeg_cas05","Buzz","巴兹","玩家可见","duplicate"
"aldebaran","aldeg_cas05","Esmarehk","埃斯马雷克","玩家可见","duplicate"
"aldebaran","aldeg_cas05","Gate Manager","城门管理员","玩家可见","duplicate"
"aldebaran","aldeg_cas05","Gealuve","吉洛夫","玩家可见","duplicate"
"aldebaran","aldeg_cas05","Guardian","守护者","玩家可见","duplicate"
"aldebaran","aldeg_cas05","Kafra Staff","卡普拉职员","玩家可见","duplicate"
"aldebaran","aldeg_cas05","Lenya","莱妮娅","玩家可见","duplicate"
"aldebaran","aldeg_cas05","Pariz","帕里斯","玩家可见","duplicate"
"aldebaran","aldeg_cas05","Rothenburg","罗滕堡","玩家可见","duplicate"
"aldebaran","aldeg_cas05","Treasure","宝箱","玩家可见","duplicate"
"comodo","cmd_in01","Ammunition Merchant","弹药商人","玩家可见","duplicate"
"comodo","cmd_in01","Armor Dealer","防具商人","玩家可见","shop"
"comodo","cmd_in01","Arrow Merchant","箭矢商人","玩家可见","duplicate"
"comodo","cmd_in01","Emergency Exit","出口","玩家可见","script"
"comodo","cmd_in01","Examiner","拉玛丁","玩家可见","script"
"comodo","cmd_in01","Gemstone Bagger","宝石装袋商","玩家可见","duplicate"
"comodo","cmd_in01","Iriya","伊莉雅","玩家可见","script"
"comodo","cmd_in01","Mado Gear Merchant","魔导机甲商人","玩家可见","duplicate"
"comodo","cmd_in01","Niels","尼尔斯","玩家可见","script"
"comodo","cmd_in01","Ninja Tool Merchant","忍者道具商人","玩家可见","duplicate"
"comodo","cmd_in01","s_dance","舞蹈测试","玩家可见","script"
"comodo","cmd_in01","s_dance_timer","舞蹈计时器","玩家可见","script"
"comodo","cmd_in01","Standby Room","等候室","玩家可见","script"
"comodo","cmd_in01","Talisman Merchant","符咒商人","玩家可见","duplicate"
"comodo","cmd_in01","Tool Dealer","道具商人","玩家可见","shop"
"comodo","cmd_in01","Weapon Dealer","武器商人","玩家可见","shop"
"comodo","cmd_in02","Chief","首领","玩家可见","script"
"comodo","cmd_in02","Deniroz","德尼洛兹","玩家可见","script"
"comodo","cmd_in02","G . J","吉·杰","玩家可见","script"
"comodo","cmd_in02","Investigator","调查员","玩家可见","script"
"comodo","cmd_in02","Kafra Employee","卡普拉员工","玩家可见","script"
"comodo","cmd_in02","Loyar","洛亚尔","玩家可见","script"
"comodo","cmd_in02","Man","男子","玩家可见","script"
"comodo","cmd_in02","Manzi","曼吉","玩家可见","script"
"comodo","cmd_in02","Martine","马丁","玩家可见","script"
"comodo","cmd_in02","Moo","穆","玩家可见","script"
"comodo","cmd_in02","Odd Switch","奇怪的开关","玩家可见","script"
"comodo","cmd_in02","Ordinary Man","普通男子","玩家可见","script"
"comodo","cmd_in02","Roberto","罗伯托","玩家可见","script"
"comodo","cmd_in02","Scoursege","斯科尔斯","玩家可见","script"
"comodo","cmd_in02","Shalone","沙洛娜","玩家可见","script"
"comodo","cmd_in02","Small Safe","小保险箱","玩家可见","script"
"comodo","cmd_in02","Stonae","斯托娜","玩家可见","script"
"comodo","cmd_in02","Strange Guy","迪尔斯","玩家可见","script"
"comodo","comodo","Bafhail","巴菲尔","玩家可见","duplicate"
"comodo","comodo","BBQ Boy","烧烤少年","玩家可见","duplicate|script"
"comodo","comodo","BBQ Mama","烧烤妈妈","玩家可见","duplicate"
"comodo","comodo","BBQ Papa","烧烤爸爸","玩家可见","script"
"comodo","comodo","BBQ Visitor","烧烤访客","玩家可见","script"
"comodo","comodo","Bor Robin","博尔·罗宾","玩家可见","script"
"comodo","comodo","Bulletin Board","艾尔帕兰：边境城市","玩家可见","script"
"comodo","comodo","Campground Boy","罗奇托","玩家可见","script"
"comodo","comodo","Campground Lad","露营地少年","玩家可见","script"
"comodo","comodo","Camping Maiden","露营少女","玩家可见","script"
"comodo","comodo","Camping Youth","露营青年","玩家可见","script"
"comodo","comodo","Canell","卡内尔","玩家可见","script"
"comodo","comodo","Cat Paw Shrimp Merchant","猫手虾商人","玩家可见","duplicate"
"comodo","comodo","Cheerless Maestro","忧郁的音乐大师","玩家可见","script"
"comodo","comodo","Chef Assistant","厨师助手","玩家可见","shop"
"comodo","comodo","Comodo Guide","科摩多向导","玩家可见","duplicate|script"
"comodo","comodo","Devellin","德维林","玩家可见","script"
"comodo","comodo","Dispatched Instructor","派驻教官","玩家可见","script"
"comodo","comodo","Eden Teleport Officer","乐园团空间传送员","玩家可见","duplicate"
"comodo","comodo","Gatan","加坦","玩家可见","duplicate"
"comodo","comodo","Guild Warehouse Manager","公会仓库管理员","玩家可见","duplicate"
"comodo","comodo","Hair Ornament Girl","发饰女孩","玩家可见","script"
"comodo","comodo","Haith","海思","玩家可见","script"
"comodo","comodo","Harive","哈里夫","玩家可见","shop"
"comodo","comodo","Hat Girl","帽子女孩","玩家可见","script"
"comodo","comodo","Hullaris","胡拉里斯","玩家可见","script"
"comodo","comodo","Kachua","卡秋娅","玩家可见","script"
"comodo","comodo","Kafra Employee","卡普拉员工","玩家可见","script"
"comodo","comodo","Karian","卡里安","玩家可见","duplicate"
"comodo","comodo","Kayak Master","皮艇大师","玩家可见","script"
"comodo","comodo","Kichiri","基奇里","玩家可见","script"
"comodo","comodo","La Ed","拉·艾德","玩家可见","script"
"comodo","comodo","Ledrion","莱德里昂","玩家可见","duplicate"
"comodo","comodo","Lospii","洛斯皮","玩家可见","duplicate"
"comodo","comodo","Magatu","马加图","玩家可见","script"
"comodo","comodo","Mailbox","邮箱","玩家可见","duplicate"
"comodo","comodo","Man in Hiding","藏匿的男子","玩家可见","script"
"comodo","comodo","Meruntei","梅伦泰","玩家可见","script"
"comodo","comodo","Muff","穆夫","玩家可见","script"
"comodo","comodo","Munak's Grandma","僵尸女孩的奶奶","玩家可见","script"
"comodo","comodo","Old Man","老人","玩家可见","script"
"comodo","comodo","Point Merchant","积分商人","玩家可见","duplicate"
"comodo","comodo","Rakusa","拉库萨","玩家可见","script"
"comodo","comodo","Rogue Guild Agent","流氓公会代理人","玩家可见","script"
"comodo","comodo","Scholar","学者","玩家可见","script"
"comodo","comodo","Signposts","路标","玩家可见","script"
"comodo","comodo","Sonotora","雅典娜·索诺托拉","玩家可见","script"
"comodo","comodo","Souvenir Vendor","纪念品商人","玩家可见","shop"
"comodo","comodo","Suspicious Guy","凯恩","玩家可见","script"
"comodo","comodo","Toruna","托鲁纳","玩家可见","script"
"comodo","comodo","Traveler","旅行者","玩家可见","script"
"comodo","comodo","Tropic Fruit Dealer","热带水果商人","玩家可见","shop"
"comodo","comodo","Valerie","瓦莱丽","玩家可见","duplicate"
"comodo","comodo","Wandering Bard","拉洛","玩家可见","script"
"comodo","comodo","Wandering Master","武刚","玩家可见","script"
"comodo","comodo","Woman Roasting Meat","烤肉女士","玩家可见","script"
"comodo","comodo","Won","元","玩家可见","script"
"comodo","comodo","Young Man","米勒","玩家可见","script"
"einbroch","ein_in01","2nd Control Panel","第二控制面板","玩家可见","script"
"einbroch","ein_in01","3rd Pressure Governor","第三压力调节器","玩家可见","script"
"einbroch","ein_in01","Ammunition Merchant","弹药商人","玩家可见","duplicate"
"einbroch","ein_in01","Arrow Merchant","箭矢商人","玩家可见","duplicate"
"einbroch","ein_in01","Arunafeltz Figure","阿鲁纳佩尔兹人士","玩家可见","script"
"einbroch","ein_in01","Bard Trigger","吟游诗人事件","玩家可见","script"
"einbroch","ein_in01","Basta","巴斯塔","玩家可见","duplicate"
"einbroch","ein_in01","Blacksmith Guildsman","铁匠公会成员","玩家可见","script"
"einbroch","ein_in01","Blacksmith Jack","铁匠杰克","玩家可见","script"
"einbroch","ein_in01","Calla","卡拉","玩家可见","script"
"einbroch","ein_in01","Cat Paw Shrimp Merchant","猫手虾商人","玩家可见","duplicate"
"einbroch","ein_in01","Cheerful Dancer","开朗的舞者","玩家可见","script"
"einbroch","ein_in01","Conveyor","传送带","玩家可见","script"
"einbroch","ein_in01","Corporate Figure","企业人士","玩家可见","script"
"einbroch","ein_in01","Decii","德西","玩家可见","script"
"einbroch","ein_in01","Drunken Man","醉酒男子","玩家可见","script"
"einbroch","ein_in01","Ei'felle","艾菲尔","玩家可见","script"
"einbroch","ein_in01","Elle Cherno","艾尔·切尔诺","玩家可见","script"
"einbroch","ein_in01","Employee","职员","玩家可见","script"
"einbroch","ein_in01","Ferlock","费洛克","玩家可见","script"
"einbroch","ein_in01","Galan","加兰","玩家可见","duplicate"
"einbroch","ein_in01","Gemstone Bagger","宝石装袋商","玩家可见","duplicate"
"einbroch","ein_in01","Guildsman","公会成员","玩家可见","script"
"einbroch","ein_in01","Hotel Employee","旅馆职员","玩家可见","script"
"einbroch","ein_in01","Hotel Manager","旅馆经理","玩家可见","script"
"einbroch","ein_in01","Kaijeta","凯杰塔","玩家可见","script"
"einbroch","ein_in01","Klitzer","克利策","玩家可见","script"
"einbroch","ein_in01","lab03","安全系统","玩家可见","script"
"einbroch","ein_in01","Lazy","懒汉","玩家可见","script"
"einbroch","ein_in01","Mado Gear Merchant","魔导机甲商人","玩家可见","duplicate"
"einbroch","ein_in01","Maid","女仆","玩家可见","script"
"einbroch","ein_in01","Main Control Panel","主控制面板","玩家可见","script"
"einbroch","ein_in01","Manthasman","曼塔斯曼","玩家可见","script"
"einbroch","ein_in01","Matestein","马特斯坦","玩家可见","duplicate|script"
"einbroch","ein_in01","Mature Looking Dancer","成熟的舞者","玩家可见","script"
"einbroch","ein_in01","Megass","梅加斯","玩家可见","script"
"einbroch","ein_in01","Mighty Hammer","神锤铁匠","玩家可见","duplicate"
"einbroch","ein_in01","Mirror","镜子","玩家可见","script"
"einbroch","ein_in01","Morriphen","莫里芬","玩家可见","script"
"einbroch","ein_in01","Nihil","尼希尔","玩家可见","script"
"einbroch","ein_in01","Ninja Tool Merchant","忍者道具商人","玩家可见","duplicate"
"einbroch","ein_in01","One Hand Weapon Dealer","单手武器商人","玩家可见","shop"
"einbroch","ein_in01","Paul Spanner","保罗·斯帕纳","玩家可见","script"
"einbroch","ein_in01","Philopontess","菲洛蓬特斯","玩家可见","script"
"einbroch","ein_in01","Pipe","管道","玩家可见","script"
"einbroch","ein_in01","Rookie","新人","玩家可见","script"
"einbroch","ein_in01","Ryan Danger","莱恩·丹杰","玩家可见","script"
"einbroch","ein_in01","Satra","萨特拉","玩家可见","script"
"einbroch","ein_in01","Scientist","科学家","玩家可见","script"
"einbroch","ein_in01","Sick Old Man","生病的老人","玩家可见","script"
"einbroch","ein_in01","Skia","斯琪亚","玩家可见","script"
"einbroch","ein_in01","Supineque","苏皮内克","玩家可见","script"
"einbroch","ein_in01","Talisman Merchant","符咒商人","玩家可见","duplicate"
"einbroch","ein_in01","Tarsha Cherno","塔莎·切尔诺","玩家可见","script"
"einbroch","ein_in01","Tavern Lady","酒馆女主人","玩家可见","script"
"einbroch","ein_in01","Theo Cherno","西奥·切尔诺","玩家可见","script"
"einbroch","ein_in01","Tirehaus","蒂尔豪斯","玩家可见","script"
"einbroch","ein_in01","Tool Dealer","道具商人","玩家可见","shop"
"einbroch","ein_in01","Two Hand Weapon Dealer","双手武器商人","玩家可见","shop"
"einbroch","ein_in01","Unidentified Machine","不明机器","玩家可见","script"
"einbroch","ein_in01","Unknown Stuff","不明物体","玩家可见","script"
"einbroch","ein_in01","Valerie","瓦莱丽","玩家可见","duplicate"
"einbroch","ein_in01","Weapon Dealer","武器商人","玩家可见","shop"
"einbroch","ein_in01","Young Dancer","年轻舞者","玩家可见","script"
"einbroch","ein_in01","Zelmeto","泽尔梅托","玩家可见","script"
"einbroch","einbech","Apprentice Researcher Sally","见习研究员莎莉","玩家可见","script"
"einbroch","einbech","Arivero Yurhik","阿里维罗·尤里克","玩家可见","script"
"einbroch","einbech","Bomb Maker","炸弹制造师","玩家可见","script"
"einbroch","einbech","Buender Hikeman","本德尔·海克曼","玩家可见","script"
"einbroch","einbech","Bulletin Board","艾尔帕兰：边境城市","玩家可见","script"
"einbroch","einbech","Catzllanpu","卡茨兰普","玩家可见","script"
"einbroch","einbech","Cavitar","卡维塔","玩家可见","script"
"einbroch","einbech","Charity","慈善募捐员","玩家可见","duplicate"
"einbroch","einbech","Collapsed person","倒地的人","玩家可见","duplicate"
"einbroch","einbech","Einbech Guide","艾因贝赫向导","玩家可见","duplicate"
"einbroch","einbech","Einbech Prohibition equipment","艾因贝赫限制装置","玩家可见","script"
"einbroch","einbech","Ekuri","艾库里","玩家可见","script"
"einbroch","einbech","Ellhenje","艾尔亨杰","玩家可见","script"
"einbroch","einbech","Empty bench","空长椅","玩家可见","duplicate|script"
"einbroch","einbech","Enormous stack","巨大的堆积物","玩家可见","duplicate"
"einbroch","einbech","Franz","弗朗茨","玩家可见","script"
"einbroch","einbech","Gonie","戈尼","玩家可见","script"
"einbroch","einbech","Guild Warehouse Manager","公会仓库管理员","玩家可见","duplicate"
"einbroch","einbech","Gushenmu","古申穆","玩家可见","script"
"einbroch","einbech","Hander","汉德尔","玩家可见","script"
"einbroch","einbech","Jung","荣格","玩家可见","script"
"einbroch","einbech","Kafra Employee","卡普拉员工","玩家可见","script"
"einbroch","einbech","Lazy","懒汉","玩家可见","script"
"einbroch","einbech","Luda","露达","玩家可见","duplicate"
"einbroch","einbech","Mailbox","邮箱","玩家可见","duplicate"
"einbroch","einbech","Metelle","梅特尔","玩家可见","script"
"einbroch","einbech","Mjunia","穆尼娅","玩家可见","script"
"einbroch","einbech","Mogan","莫甘","玩家可见","script"
"einbroch","einbech","Need help","求助者","玩家可见","script"
"einbroch","einbech","nemi","内米","玩家可见","script"
"einbroch","einbech","Nemuk","尼穆克","玩家可见","script"
"einbroch","einbech","Raust","劳斯特","玩家可见","script"
"einbroch","einbech","Rebellion Crew","反叛军成员","玩家可见","script"
"einbroch","einbech","Shena","谢娜","玩家可见","script"
"einbroch","einbech","Signpost","艾因贝赫地下城 1层","玩家可见","script"
"einbroch","einbech","Site manager Elmen","现场管理员艾尔门","玩家可见","script"
"einbroch","einbech","Sleepy Looking Old woman","困倦的老妇人","玩家可见","script"
"einbroch","einbech","Teleport Prohibition equipment","传送限制装置","玩家可见","duplicate"
"einbroch","einbech","Tired Looking Man","疲惫的男子","玩家可见","script"
"einbroch","einbech","Tired Looking Old man","疲惫的老人","玩家可见","script"
"einbroch","einbech","Tollaf","托拉夫","玩家可见","script"
"einbroch","einbech","Train Station Manager","火车站管理员","玩家可见","script"
"einbroch","einbech","Train Station Staff","火车站职员","玩家可见","script"
"einbroch","einbech","Tree","树木","玩家可见","duplicate|script"
"einbroch","einbech","Young Man","米勒","玩家可见","script"
"einbroch","einbroch","Aas","阿斯","玩家可见","script"
"einbroch","einbroch","Airship Engineer","飞艇工程师","玩家可见","script"
"einbroch","einbroch","Arivero Yurhik","阿里维罗·尤里克","玩家可见","script"
"einbroch","einbroch","Assistant Remain","助理雷曼","玩家可见","script"
"einbroch","einbroch","Bafhail","巴菲尔","玩家可见","duplicate"
"einbroch","einbroch","Black Marketeer","黑市商人","玩家可见","shop"
"einbroch","einbroch","Bouncer","门卫","玩家可见","script"
"einbroch","einbroch","Carbonated Water Vending Machine","碳酸水自动售货机","玩家可见","duplicate"
"einbroch","einbroch","Cat Paw Shrimp Merchant","猫手虾商人","玩家可见","duplicate"
"einbroch","einbroch","Centzu","森茨","玩家可见","script"
"einbroch","einbroch","Chef Assistant","厨师助手","玩家可见","shop"
"einbroch","einbroch","Coughing young man","咳嗽的年轻人","玩家可见","script"
"einbroch","einbroch","Eden Teleport Officer","乐园团空间传送员","玩家可见","duplicate"
"einbroch","einbroch","Einbroch Guide","艾因布洛克向导","玩家可见","duplicate|script"
"einbroch","einbroch","Einbroch Prohibition equipment","艾因布洛克限制装置","玩家可见","script"
"einbroch","einbroch","Einbroch Smog Alert","艾因布洛克烟雾警报器","玩家可见","script"
"einbroch","einbroch","Flower Girl","卖花女孩","玩家可见","script"
"einbroch","einbroch","Flu Mask Dealer","防毒面具商人","玩家可见","shop"
"einbroch","einbroch","Gatan","加坦","玩家可见","duplicate"
"einbroch","einbroch","Gemstone Bagger","宝石装袋商","玩家可见","duplicate"
"einbroch","einbroch","Guild Warehouse Manager","公会仓库管理员","玩家可见","duplicate"
"einbroch","einbroch","Huge Tree","大树","玩家可见","script"
"einbroch","einbroch","Kafra Employee","卡普拉员工","玩家可见","script"
"einbroch","einbroch","Kafra Teleportation","卡普拉传送员","玩家可见","script"
"einbroch","einbroch","Kaya Tos","卡娅·托斯","玩家可见","script"
"einbroch","einbroch","Keneshiotz","凯内希奥茨","玩家可见","script"
"einbroch","einbroch","Kesunboss","凯森博斯","玩家可见","script"
"einbroch","einbroch","Khemko","凯姆科","玩家可见","duplicate"
"einbroch","einbroch","Khetine","凯蒂娜","玩家可见","script"
"einbroch","einbroch","Khowropher","科罗弗","玩家可见","script"
"einbroch","einbroch","Laboratory Guard","实验室守卫","玩家可见","script"
"einbroch","einbroch","Laboratory Soldier","实验室士兵","玩家可见","script"
"einbroch","einbroch","Lazy","懒汉","玩家可见","script"
"einbroch","einbroch","Ledrion","莱德里昂","玩家可见","duplicate"
"einbroch","einbroch","Leslie","莱斯利","玩家可见","script"
"einbroch","einbroch","Liotzburg","利奥茨堡","玩家可见","script"
"einbroch","einbroch","Little Toby","小托比","玩家可见","script"
"einbroch","einbroch","Lospii","洛斯皮","玩家可见","duplicate"
"einbroch","einbroch","Mailbox","邮箱","玩家可见","duplicate"
"einbroch","einbroch","Mark","马克","玩家可见","script"
"einbroch","einbroch","Morei","莫雷","玩家可见","script"
"einbroch","einbroch","Oberu","奥贝鲁","玩家可见","duplicate"
"einbroch","einbroch","Paddler","划船人","玩家可见","shop"
"einbroch","einbroch","Scrutiny Association","监察协会","玩家可见","script"
"einbroch","einbroch","Security","警卫","玩家可见","script"
"einbroch","einbroch","Sleik","斯莱克","玩家可见","script"
"einbroch","einbroch","Suspicious Man","奥利弗·希尔珀特","玩家可见","script"
"einbroch","einbroch","Tan","谭","玩家可见","script"
"einbroch","einbroch","Teleport Prohibition equipment","传送限制装置","玩家可见","duplicate"
"einbroch","einbroch","Train Station Staff","火车站职员","玩家可见","duplicate|script"
"einbroch","einbroch","Unusual person","奇怪的人","玩家可见","script"
"einbroch","einbroch","Uwe Kleine","乌韦","玩家可见","script"
"einbroch","einbroch","Very small hole","很小的洞","玩家可见","script"
"einbroch","einbroch","Zonda Teleportation","赞达传送员","玩家可见","duplicate"
"hugel","hu_in01","A Part-Timer","兼职生","玩家可见","script"
"hugel","hu_in01","alex","亚历克斯","玩家可见","script"
"hugel","hu_in01","Alex","亚历克斯","玩家可见","duplicate|script"
"hugel","hu_in01","Allen Schuwell","艾伦·舒维尔","玩家可见","script"
"hugel","hu_in01","Ammunition Merchant","弹药商人","玩家可见","duplicate"
"hugel","hu_in01","Armor Dealer","防具商人","玩家可见","shop"
"hugel","hu_in01","Arrow Merchant","箭矢商人","玩家可见","duplicate"
"hugel","hu_in01","Ashe","艾什","玩家可见","script"
"hugel","hu_in01","Book","书籍","玩家可见","script"
"hugel","hu_in01","Bow Dealer","弓箭商人","玩家可见","shop"
"hugel","hu_in01","Cellette Lavit","塞莱特","玩家可见","script"
"hugel","hu_in01","Chris","克里斯","玩家可见","script"
"hugel","hu_in01","Empty","空位","玩家可见","script"
"hugel","hu_in01","Entrance","入口","玩家可见","script"
"hugel","hu_in01","Falcon Breeder","猎鹰饲养员","玩家可见","script"
"hugel","hu_in01","Falcon Flute Trader","猎鹰笛商人","玩家可见","duplicate"
"hugel","hu_in01","Gemstone Bagger","宝石装袋商","玩家可见","duplicate"
"hugel","hu_in01","Girl","女孩","玩家可见","script"
"hugel","hu_in01","Guild Receptionist","公会接待员","玩家可见","script"
"hugel","hu_in01","Herico","赫里科","玩家可见","script"
"hugel","hu_in01","Inn Maid","旅馆女仆","玩家可见","script"
"hugel","hu_in01","Julian","朱利安","玩家可见","script"
"hugel","hu_in01","Karian","卡里安","玩家可见","script"
"hugel","hu_in01","Laura","劳拉","玩家可见","script"
"hugel","hu_in01","Mado Gear Merchant","魔导机甲商人","玩家可见","duplicate"
"hugel","hu_in01","Ninja Tool Merchant","忍者道具商人","玩家可见","duplicate"
"hugel","hu_in01","Party Supplies Shop","商店老板","玩家可见","script"
"hugel","hu_in01","Postell Schuwell","波斯特尔·舒维尔","玩家可见","script"
"hugel","hu_in01","Praying Nun","祈祷的修女","玩家可见","script"
"hugel","hu_in01","Pub Granny","酒馆老奶奶","玩家可见","script"
"hugel","hu_in01","Siria","西莉娅","玩家可见","script"
"hugel","hu_in01","Talisman Merchant","符咒商人","玩家可见","duplicate"
"hugel","hu_in01","Tone-deaf person","音痴的人","玩家可见","script"
"hugel","hu_in01","Tool Dealer","道具商人","玩家可见","shop"
"hugel","hu_in01","Upper Drawer","上层抽屉","玩家可见","script"
"hugel","hu_in01","Vacant Looking Lady","神情空洞的女士","玩家可见","script"
"hugel","hu_in01","Valerie","瓦莱丽","玩家可见","duplicate"
"hugel","hu_in01","Weapon Dealer","武器商人","玩家可见","shop"
"hugel","hugel","alex","亚历克斯","玩家可见","script"
"hugel","hugel","Bafhail","巴菲尔","玩家可见","duplicate"
"hugel","hugel","Bismarc","俾斯麦","玩家可见","script"
"hugel","hugel","Boatman","船夫","玩家可见","script"
"hugel","hugel","Booboo the Cow","布布","玩家可见","script"
"hugel","hugel","Burupu's Instructions","布鲁普的说明","玩家可见","script"
"hugel","hugel","Cat Paw Shrimp Merchant","猫手虾商人","玩家可见","duplicate"
"hugel","hugel","Clam","蛤蜊","玩家可见","script"
"hugel","hugel","Cool Event Corp. Staff","活动公司职员","玩家可见","script"
"hugel","hugel","Eckar Ellebird","埃卡尔·埃尔伯德","玩家可见","script"
"hugel","hugel","Eckar Erenes","埃卡·埃雷尼斯","玩家可见","script"
"hugel","hugel","Eden Teleport Officer","乐园团空间传送员","玩家可见","duplicate"
"hugel","hugel","El Schatt","艾尔·沙特","玩家可见","script"
"hugel","hugel","Emily","艾米莉","玩家可见","script"
"hugel","hugel","Erjan","埃尔扬","玩家可见","script"
"hugel","hugel","Gatan","加坦","玩家可见","duplicate"
"hugel","hugel","Ghenirhemin","格尼尔赫敏","玩家可见","script"
"hugel","hugel","Guide Rich King","富有的国王","玩家可见","script"
"hugel","hugel","Guild Warehouse Manager","公会仓库管理员","玩家可见","duplicate"
"hugel","hugel","Hugel Guide Granny","休尔赫尔姆向导奶奶","玩家可见","script"
"hugel","hugel","Kayplas","凯普拉斯","玩家可见","script"
"hugel","hugel","Kurupe","库鲁佩","玩家可见","script"
"hugel","hugel","Layoma","拉约玛","玩家可见","script"
"hugel","hugel","Ledrion","莱德里昂","玩家可见","duplicate"
"hugel","hugel","Lisa","丽莎","玩家可见","script"
"hugel","hugel","Lospii","洛斯皮","玩家可见","duplicate"
"hugel","hugel","Maewan","梅万","玩家可见","script"
"hugel","hugel","Mailbox","邮箱","玩家可见","duplicate"
"hugel","hugel","Manainne","曼艾恩","玩家可见","script"
"hugel","hugel","Marius","马里乌斯","玩家可见","script"
"hugel","hugel","Monster Race Manager","魔物竞速管理员","玩家可见","script"
"hugel","hugel","Mudie","穆迪","玩家可见","script"
"hugel","hugel","Neha","内哈","玩家可见","script"
"hugel","hugel","Old Nikki","老尼基","玩家可见","script"
"hugel","hugel","Perfitz","佩尔菲茨","玩家可见","script"
"hugel","hugel","Shede","谢德","玩家可见","script"
"hugel","hugel","Sign","告示牌","玩家可见","script"
"hugel","hugel","Strange Man","奇怪的男子","玩家可见","script"
"hugel","hugel","Suspicious Barrel","可疑的木桶","玩家可见","script"
"hugel","hugel","toairplane","飞艇入口","玩家可见","script"
"hugel","hugel","Torpy","托尔皮","玩家可见","script"
"hugel","hugel","Vegetable Gardener","蔬菜园丁","玩家可见","shop"
"hugel","hugel","Vendor from Milk Ranch","牧场牛奶商人","玩家可见","shop"
"hugel","hugel","Wayne","韦恩","玩家可见","script"
"hugel","hugel","Young Man","米勒","玩家可见","script"
"lighthalzen","lhz_airport","Airport Staff","机场职员","玩家可见","script"
"lighthalzen","lhz_airport","Airship Staff","飞艇职员","玩家可见","duplicate"
"lighthalzen","lhz_airport","Arrival Staff","抵达处职员","玩家可见","duplicate|script"
"lighthalzen","lhz_airport","Crux","克鲁克斯","玩家可见","script"
"lighthalzen","lhz_airport","Skia","斯琪亚","玩家可见","duplicate"
"lighthalzen","lhz_in01","A File","一份文件","玩家可见","script"
"lighthalzen","lhz_in01","A Pile of Paper","一叠文件","玩家可见","script"
"lighthalzen","lhz_in01","Aas","阿斯","玩家可见","duplicate"
"lighthalzen","lhz_in01","Alchemist","炼金术师","玩家可见","script"
"lighthalzen","lhz_in01","Annette","安妮特","玩家可见","script"
"lighthalzen","lhz_in01","Area 1-5","区域 1-5","玩家可见","script"
"lighthalzen","lhz_in01","Area 1-7","区域 1-7","玩家可见","script"
"lighthalzen","lhz_in01","Area 3-2","区域 3-2","玩家可见","script"
"lighthalzen","lhz_in01","Area 3-3","区域 3-3","玩家可见","script"
"lighthalzen","lhz_in01","Area 6-1","区域 6-1","玩家可见","script"
"lighthalzen","lhz_in01","Aures","奥雷斯","玩家可见","script"
"lighthalzen","lhz_in01","Bankri Kun","班克里·昆","玩家可见","script"
"lighthalzen","lhz_in01","Banquet Staff","宴会厅职员","玩家可见","script"
"lighthalzen","lhz_in01","Blackboard","黑板","玩家可见","script"
"lighthalzen","lhz_in01","Cenku Dekdam","岑库·德卡姆","玩家可见","script"
"lighthalzen","lhz_in01","Chief Secretary","首席秘书","玩家可见","script"
"lighthalzen","lhz_in01","Commander Arquien","阿尔奎恩指挥官","玩家可见","script"
"lighthalzen","lhz_in01","Door","门","玩家可见","script"
"lighthalzen","lhz_in01","Dowbow Ryuei","道博·龙英","玩家可见","script"
"lighthalzen","lhz_in01","Eiya","艾娅","玩家可见","script"
"lighthalzen","lhz_in01","Ellette","艾莱特","玩家可见","script"
"lighthalzen","lhz_in01","Enoz","埃诺兹","玩家可见","script"
"lighthalzen","lhz_in01","File Search Engine","文件检索装置","玩家可见","script"
"lighthalzen","lhz_in01","Gerhart","格哈特","玩家可见","script"
"lighthalzen","lhz_in01","Guard","守卫","玩家可见","duplicate|script"
"lighthalzen","lhz_in01","Guide","向导","玩家可见","script"
"lighthalzen","lhz_in01","Hanccet","汉塞特","玩家可见","script"
"lighthalzen","lhz_in01","HuMSpawner","人类实验体生成器","玩家可见","script"
"lighthalzen","lhz_in01","Ian Atnad","伊恩·阿特纳德","玩家可见","script"
"lighthalzen","lhz_in01","Jorje","乔治","玩家可见","script"
"lighthalzen","lhz_in01","Jorjerro","约书亚","玩家可见","script"
"lighthalzen","lhz_in01","Joshua","约书亚","玩家可见","script"
"lighthalzen","lhz_in01","Kaya Tos","卡娅·托斯","玩家可见","duplicate"
"lighthalzen","lhz_in01","Kejulle Rekenber","凯朱尔·雷根贝勒","玩家可见","script"
"lighthalzen","lhz_in01","Kellasus","凯拉苏斯","玩家可见","script"
"lighthalzen","lhz_in01","Keshibien","凯希比恩","玩家可见","script"
"lighthalzen","lhz_in01","Lazy","懒汉","玩家可见","duplicate"
"lighthalzen","lhz_in01","Leekal","忍乔斯","玩家可见","script"
"lighthalzen","lhz_in01","Leimi","蕾米","玩家可见","script"
"lighthalzen","lhz_in01","Luccet","卢塞特","玩家可见","script"
"lighthalzen","lhz_in01","Luke Lapez","卢克·拉佩兹","玩家可见","script"
"lighthalzen","lhz_in01","Mad Scientist","沃尔切夫","玩家可见","script"
"lighthalzen","lhz_in01","Mareth","马雷斯","玩家可见","script"
"lighthalzen","lhz_in01","Mazwon","马兹翁","玩家可见","script"
"lighthalzen","lhz_in01","Member of Alliance","联盟成员","玩家可见","script"
"lighthalzen","lhz_in01","Mereth","梅雷斯","玩家可见","script"
"lighthalzen","lhz_in01","Munkenro","蒙肯罗","玩家可见","script"
"lighthalzen","lhz_in01","Ninjose","忍乔斯","玩家可见","script"
"lighthalzen","lhz_in01","Noama","诺阿玛","玩家可见","script"
"lighthalzen","lhz_in01","Officer A","官员 A","玩家可见","script"
"lighthalzen","lhz_in01","Officer B","官员 B","玩家可见","script"
"lighthalzen","lhz_in01","Pat","帕特","玩家可见","duplicate"
"lighthalzen","lhz_in01","Regenschirm Guard","雷根贝勒卫兵","玩家可见","script"
"lighthalzen","lhz_in01","Rekenber Chairman","雷根贝勒董事长","玩家可见","script"
"lighthalzen","lhz_in01","Rekenber Guard","雷根贝勒卫兵","玩家可见","script"
"lighthalzen","lhz_in01","Rekenber Guidebook","雷根贝勒指南","玩家可见","script"
"lighthalzen","lhz_in01","Repairman","修理工","玩家可见","script"
"lighthalzen","lhz_in01","Representative","代表","玩家可见","script"
"lighthalzen","lhz_in01","Researcher","研究员","玩家可见","script"
"lighthalzen","lhz_in01","Scientist","科学家","玩家可见","script"
"lighthalzen","lhz_in01","Secretary","秘书","玩家可见","script"
"lighthalzen","lhz_in01","Secretary Slierre","苏伊·斯莉尔","玩家可见","script"
"lighthalzen","lhz_in01","Sikaiz","西凯兹","玩家可见","script"
"lighthalzen","lhz_in01","Skrajjad","斯克拉贾德","玩家可见","script"
"lighthalzen","lhz_in01","Staff","职员","玩家可见","duplicate|script"
"lighthalzen","lhz_in01","Timer_Sneak","潜入计时器","玩家可见","script"
"lighthalzen","lhz_in01","Young Man","米勒","玩家可见","script"
"lighthalzen","lhz_in02","Ammunition Merchant","弹药商人","玩家可见","duplicate"
"lighthalzen","lhz_in02","Armor Dealer","防具商人","玩家可见","shop"
"lighthalzen","lhz_in02","Arrow Merchant","箭矢商人","玩家可见","duplicate"
"lighthalzen","lhz_in02","Arthur","亚瑟","玩家可见","script"
"lighthalzen","lhz_in02","Bank Clerk","银行职员","玩家可见","duplicate|script"
"lighthalzen","lhz_in02","Bartender","酒保","玩家可见","script"
"lighthalzen","lhz_in02","Basta","巴斯塔","玩家可见","duplicate"
"lighthalzen","lhz_in02","Beginner's Merchant","新手商人","玩家可见","shop"
"lighthalzen","lhz_in02","Ben Allen","本·艾伦","玩家可见","script"
"lighthalzen","lhz_in02","Broncher","布朗彻","玩家可见","script"
"lighthalzen","lhz_in02","Butcher","肉商","玩家可见","shop"
"lighthalzen","lhz_in02","Cat Paw Shrimp Merchant","猫手虾商人","玩家可见","duplicate"
"lighthalzen","lhz_in02","Christopher Michael","克里斯托弗·迈克尔","玩家可见","script"
"lighthalzen","lhz_in02","Citizen","加文","玩家可见","script"
"lighthalzen","lhz_in02","Cool Event Manager","活动经理","玩家可见","script"
"lighthalzen","lhz_in02","Cool Event Staff","活动工作人员","玩家可见","script"
"lighthalzen","lhz_in02","Crux","克鲁克斯","玩家可见","script"
"lighthalzen","lhz_in02","Customer","顾客","玩家可见","script"
"lighthalzen","lhz_in02","Diana","戴安娜","玩家可见","script"
"lighthalzen","lhz_in02","Digotz","迪戈茨","玩家可见","script"
"lighthalzen","lhz_in02","Doll Supplier","玩偶供应商","玩家可见","shop"
"lighthalzen","lhz_in02","Drunken Man","醉酒男子","玩家可见","script"
"lighthalzen","lhz_in02","Event Planner","活动策划员","玩家可见","script"
"lighthalzen","lhz_in02","Fruel","弗鲁埃尔","玩家可见","duplicate|script"
"lighthalzen","lhz_in02","Fruit Gardener","水果园丁","玩家可见","shop"
"lighthalzen","lhz_in02","Fulerr","富勒","玩家可见","script"
"lighthalzen","lhz_in02","Gemstone Bagger","宝石装袋商","玩家可见","duplicate"
"lighthalzen","lhz_in02","Gift Merchant","礼品商人","玩家可见","shop"
"lighthalzen","lhz_in02","Gracie","格蕾西","玩家可见","script"
"lighthalzen","lhz_in02","Hair Dyer","染发师","玩家可见","script"
"lighthalzen","lhz_in02","Harp","哈普","玩家可见","script"
"lighthalzen","lhz_in02","Healthy Looking Guy","气色健康的男子","玩家可见","script"
"lighthalzen","lhz_in02","Helen","海伦","玩家可见","script"
"lighthalzen","lhz_in02","Hinkley","欣克利","玩家可见","script"
"lighthalzen","lhz_in02","Hotel Employee","旅馆职员","玩家可见","script"
"lighthalzen","lhz_in02","Jeweler","珠宝商","玩家可见","shop"
"lighthalzen","lhz_in02","Kafra Employee","卡普拉员工","玩家可见","script"
"lighthalzen","lhz_in02","Krugg","克鲁格","玩家可见","script"
"lighthalzen","lhz_in02","Lab Staff","阿萨姆","玩家可见","script"
"lighthalzen","lhz_in02","Mado Gear Merchant","魔导机甲商人","玩家可见","duplicate"
"lighthalzen","lhz_in02","Maggie","玛吉","玩家可见","script"
"lighthalzen","lhz_in02","Maintenance Guy","维护人员","玩家可见","script"
"lighthalzen","lhz_in02","Margaret Mary","玛格丽特·玛丽","玩家可见","script"
"lighthalzen","lhz_in02","Martial Artist","武术家","玩家可见","script"
"lighthalzen","lhz_in02","Mighty Hammer","神锤铁匠","玩家可见","duplicate"
"lighthalzen","lhz_in02","Millette","米莱特","玩家可见","script"
"lighthalzen","lhz_in02","Nemil","内米尔","玩家可见","duplicate"
"lighthalzen","lhz_in02","Ninja Tool Merchant","忍者道具商人","玩家可见","duplicate"
"lighthalzen","lhz_in02","Officer Guo","郭警官","玩家可见","script"
"lighthalzen","lhz_in02","Philopontess","菲洛蓬特斯","玩家可见","script"
"lighthalzen","lhz_in02","Poison Herb Merchant","毒草商人","玩家可见","duplicate"
"lighthalzen","lhz_in02","Repairman","修理工","玩家可见","script"
"lighthalzen","lhz_in02","Safwat Fahmy","萨夫瓦特·法赫米","玩家可见","script"
"lighthalzen","lhz_in02","Seiyablem","塞亚布雷姆","玩家可见","duplicate"
"lighthalzen","lhz_in02","Shop Assistant","店员","玩家可见","script"
"lighthalzen","lhz_in02","Spica Nerius","斯皮卡·内里乌斯","玩家可见","script"
"lighthalzen","lhz_in02","Stylist","造型师","玩家可见","script"
"lighthalzen","lhz_in02","Suspect","嫌疑人","玩家可见","duplicate"
"lighthalzen","lhz_in02","Tadem","塔德姆","玩家可见","script"
"lighthalzen","lhz_in02","Talisman Merchant","符咒商人","玩家可见","duplicate"
"lighthalzen","lhz_in02","Tanoue","田上","玩家可见","script"
"lighthalzen","lhz_in02","Togii","托吉","玩家可见","script"
"lighthalzen","lhz_in02","Tool Dealer","道具商人","玩家可见","shop"
"lighthalzen","lhz_in02","Toy Supplier","玩具供应商","玩家可见","shop"
"lighthalzen","lhz_in02","Vegetable Gardener","蔬菜园丁","玩家可见","shop"
"lighthalzen","lhz_in02","Wand Dealer","法杖商人","玩家可见","shop"
"lighthalzen","lhz_in02","Weapon Dealer","武器商人","玩家可见","shop"
"lighthalzen","lhz_in02","Wedding Shop Dealer","婚礼用品商人","玩家可见","shop"
"lighthalzen","lhz_in02","Young Man","米勒","玩家可见","duplicate"
"lighthalzen","lhz_in03","Arrow Merchant","箭矢商人","玩家可见","shop"
"lighthalzen","lhz_in03","Avetis","阿维蒂斯","玩家可见","script"
"lighthalzen","lhz_in03","Bad Drunk","加里","玩家可见","script"
"lighthalzen","lhz_in03","Bartender","酒保","玩家可见","script"
"lighthalzen","lhz_in03","Beninne","贝宁","玩家可见","script"
"lighthalzen","lhz_in03","Black Marketeer","黑市商人","玩家可见","shop"
"lighthalzen","lhz_in03","Citizen","加文","玩家可见","script"
"lighthalzen","lhz_in03","City Girl","城市女孩","玩家可见","script"
"lighthalzen","lhz_in03","Crippled Girl","跛脚女孩","玩家可见","script"
"lighthalzen","lhz_in03","Drunken Man","醉酒男子","玩家可见","script"
"lighthalzen","lhz_in03","Enquro Carson","恩奎罗·卡森","玩家可见","script"
"lighthalzen","lhz_in03","Gemstone Bagger","宝石装袋商","玩家可见","duplicate"
"lighthalzen","lhz_in03","Gopal","戈帕尔","玩家可见","script"
"lighthalzen","lhz_in03","Haggar","哈格尔","玩家可见","script"
"lighthalzen","lhz_in03","Housemaid Brenda","女仆布伦达","玩家可见","script"
"lighthalzen","lhz_in03","Housemaid Jane","女仆简","玩家可见","script"
"lighthalzen","lhz_in03","Jay","杰伊","玩家可见","script"
"lighthalzen","lhz_in03","Koring","科林","玩家可见","script"
"lighthalzen","lhz_in03","Loudmouth","大嘴","玩家可见","script"
"lighthalzen","lhz_in03","Makkie","麦琪","玩家可见","script"
"lighthalzen","lhz_in03","Merchant","商人","玩家可见","shop"
"lighthalzen","lhz_in03","Rocky","洛奇","玩家可见","script"
"lighthalzen","lhz_in03","Shayna","谢娜","玩家可见","script"
"lighthalzen","lhz_in03","Sopheap","索菲普","玩家可见","script"
"lighthalzen","lhz_in03","Tool Dealer","道具商人","玩家可见","shop"
"lighthalzen","lhz_que01","File","文件","玩家可见","script"
"lighthalzen","lighthalzen","A kid with black finger","手指发黑的孩子","玩家可见","script"
"lighthalzen","lighthalzen","Aas","阿斯","玩家可见","duplicate|script"
"lighthalzen","lighthalzen","Abduction_trigger","绑架事件触发器","玩家可见","script"
"lighthalzen","lighthalzen","Arivero Yurhik","阿里维罗·尤里克","玩家可见","script"
"lighthalzen","lighthalzen","Assistant Staff","助理职员","玩家可见","script"
"lighthalzen","lighthalzen","Auction Hall Guide","拍卖大厅向导","玩家可见","script"
"lighthalzen","lighthalzen","Beggar","乞丐","玩家可见","script"
"lighthalzen","lighthalzen","Berru","比莉亚","玩家可见","script"
"lighthalzen","lighthalzen","Bodger","博杰","玩家可见","script"
"lighthalzen","lighthalzen","Bully","恶霸","玩家可见","script"
"lighthalzen","lighthalzen","Carbonated Water Vending Machine","碳酸水自动售货机","玩家可见","duplicate"
"lighthalzen","lighthalzen","Cash Sales Guide","商城向导","玩家可见","duplicate"
"lighthalzen","lighthalzen","Chef Assistant","厨师助手","玩家可见","shop"
"lighthalzen","lighthalzen","Collins","柯林斯","玩家可见","script"
"lighthalzen","lighthalzen","Commander Est","艾斯特指挥官","玩家可见","duplicate"
"lighthalzen","lighthalzen","Cool Event Corp Staff","活动公司职员","玩家可见","script"
"lighthalzen","lighthalzen","Cool Event Staff","活动工作人员","玩家可见","duplicate"
"lighthalzen","lighthalzen","Crevice","裂缝","玩家可见","script"
"lighthalzen","lighthalzen","Crux","克鲁克斯","玩家可见","duplicate"
"lighthalzen","lighthalzen","Dan Song","丹松","玩家可见","script"
"lighthalzen","lighthalzen","Delna","德尔娜","玩家可见","script"
"lighthalzen","lighthalzen","Dolangmal","多朗马尔","玩家可见","duplicate"
"lighthalzen","lighthalzen","Dono","多诺","玩家可见","script"
"lighthalzen","lighthalzen","Eden Teleport Officer","乐园团空间传送员","玩家可见","duplicate"
"lighthalzen","lighthalzen","Elder","长老","玩家可见","script"
"lighthalzen","lighthalzen","Elmer Keays","埃尔默·凯斯","玩家可见","script"
"lighthalzen","lighthalzen","Emily","艾米莉","玩家可见","duplicate"
"lighthalzen","lighthalzen","Equipment Reform PR Agent","装备改造宣传员","玩家可见","duplicate"
"lighthalzen","lighthalzen","F. Harrison","F·哈里森","玩家可见","script"
"lighthalzen","lighthalzen","Fishbone","鱼骨","玩家可见","script"
"lighthalzen","lighthalzen","Flower Girl","卖花女孩","玩家可见","shop"
"lighthalzen","lighthalzen","Fruit Gardener","水果园丁","玩家可见","shop"
"lighthalzen","lighthalzen","Giacomo Girolamo","贾科莫·吉罗拉莫","玩家可见","script"
"lighthalzen","lighthalzen","Greedy Looking Man","神情贪婪的男子","玩家可见","script"
"lighthalzen","lighthalzen","Grinnel","格林内尔","玩家可见","script"
"lighthalzen","lighthalzen","Guard","守卫","玩家可见","script"
"lighthalzen","lighthalzen","Guide","向导","玩家可见","script"
"lighthalzen","lighthalzen","Guild Warehouse Manager","公会仓库管理员","玩家可见","duplicate"
"lighthalzen","lighthalzen","Information Post","信息公告牌","玩家可见","duplicate"
"lighthalzen","lighthalzen","Jade","杰德","玩家可见","script"
"lighthalzen","lighthalzen","Janice","珍妮丝","玩家可见","script"
"lighthalzen","lighthalzen","Jiwon","智媛","玩家可见","script"
"lighthalzen","lighthalzen","Joyce","乔伊丝","玩家可见","script"
"lighthalzen","lighthalzen","Kafra Employee","卡普拉员工","玩家可见","script"
"lighthalzen","lighthalzen","Kafra Teleportation","卡普拉传送员","玩家可见","script"
"lighthalzen","lighthalzen","Kafra Voting Staff","卡普拉投票员","玩家可见","script"
"lighthalzen","lighthalzen","Karian","卡里安","玩家可见","duplicate"
"lighthalzen","lighthalzen","Kariya","卡里亚","玩家可见","script"
"lighthalzen","lighthalzen","Kaya Tos","卡娅·托斯","玩家可见","duplicate|script"
"lighthalzen","lighthalzen","Kemp","肯普","玩家可见","script"
"lighthalzen","lighthalzen","Kid","孩子","玩家可见","script"
"lighthalzen","lighthalzen","Kimmy","吉米","玩家可见","script"
"lighthalzen","lighthalzen","Klaubis","克劳比斯","玩家可见","script"
"lighthalzen","lighthalzen","Kosit","科西特","玩家可见","script"
"lighthalzen","lighthalzen","Krongast","苏伊·斯莉尔","玩家可见","script"
"lighthalzen","lighthalzen","Laqumet","拉克梅特","玩家可见","script"
"lighthalzen","lighthalzen","Law Enforcement","治安人员","玩家可见","script"
"lighthalzen","lighthalzen","Lazy","懒汉","玩家可见","script"
"lighthalzen","lighthalzen","Leablem","利亚布雷姆","玩家可见","duplicate"
"lighthalzen","lighthalzen","lhz_to_rekenber","雷根贝勒入口","玩家可见","script"
"lighthalzen","lighthalzen","Lighthalzen Guide","莱茵哈特向导","玩家可见","duplicate|script"
"lighthalzen","lighthalzen","Little girl","小女孩","玩家可见","script"
"lighthalzen","lighthalzen","Lucius","卢修斯","玩家可见","script"
"lighthalzen","lighthalzen","Mailbox","邮箱","玩家可见","duplicate"
"lighthalzen","lighthalzen","Maivi","梅维","玩家可见","script"
"lighthalzen","lighthalzen","Maku","马克","玩家可见","script"
"lighthalzen","lighthalzen","Man","男子","玩家可见","duplicate|script"
"lighthalzen","lighthalzen","Margie Keays","玛吉·凯斯","玩家可见","script"
"lighthalzen","lighthalzen","Maroll Battle Recruiter","马洛尔战斗招募员","玩家可见","duplicate"
"lighthalzen","lighthalzen","Mauro","毛罗","玩家可见","script"
"lighthalzen","lighthalzen","Merpi","梅尔皮","玩家可见","script"
"lighthalzen","lighthalzen","Nannan","南南","玩家可见","script"
"lighthalzen","lighthalzen","Nun","安吉拉","玩家可见","script"
"lighthalzen","lighthalzen","Ohno Tohiro","大野十郎","玩家可见","script"
"lighthalzen","lighthalzen","Old Man","老人","玩家可见","script"
"lighthalzen","lighthalzen","Ordinary Man","普通男子","玩家可见","script"
"lighthalzen","lighthalzen","Oyoung","欧勇","玩家可见","script"
"lighthalzen","lighthalzen","Pat","帕特","玩家可见","duplicate"
"lighthalzen","lighthalzen","Pat's Father","帕特的父亲","玩家可见","duplicate"
"lighthalzen","lighthalzen","Pat's Mother","帕特的母亲","玩家可见","duplicate"
"lighthalzen","lighthalzen","Pet Groomer","宠物美容师","玩家可见","duplicate"
"lighthalzen","lighthalzen","Pilia","皮莉娅","玩家可见","duplicate"
"lighthalzen","lighthalzen","Protester","抗议者","玩家可见","duplicate"
"lighthalzen","lighthalzen","Rare Diamond Merchant","稀有钻石商人","玩家可见","duplicate"
"lighthalzen","lighthalzen","Ravey","拉维","玩家可见","script"
"lighthalzen","lighthalzen","Recruiter","招募员","玩家可见","duplicate"
"lighthalzen","lighthalzen","Rekenber Employee","雷根贝勒职员","玩家可见","script"
"lighthalzen","lighthalzen","Rekenber Guard","雷根贝勒卫兵","玩家可见","script"
"lighthalzen","lighthalzen","Rekenber Guard Drew","雷根贝勒守卫德鲁","玩家可见","script"
"lighthalzen","lighthalzen","Rekenber Guard Oscar","雷根贝勒守卫奥斯卡","玩家可见","script"
"lighthalzen","lighthalzen","Rekenber Guard Tan","雷根贝勒守卫谭","玩家可见","script"
"lighthalzen","lighthalzen","Relaxed-Looking Lady","神态悠闲的女士","玩家可见","script"
"lighthalzen","lighthalzen","Republic Guard","共和国守卫","玩家可见","script"
"lighthalzen","lighthalzen","Reuben","鲁本","玩家可见","script"
"lighthalzen","lighthalzen","Rihrtarzen Prohibition equipment","里希塔乐镇限制装置","玩家可见","script"
"lighthalzen","lighthalzen","Royal Messenger","王室使者","玩家可见","duplicate"
"lighthalzen","lighthalzen","Ruth","露丝","玩家可见","script"
"lighthalzen","lighthalzen","Sameer","萨米尔","玩家可见","script"
"lighthalzen","lighthalzen","Samnang","三郎","玩家可见","script"
"lighthalzen","lighthalzen","Scientist","科学家","玩家可见","duplicate"
"lighthalzen","lighthalzen","Sefith","塞菲斯","玩家可见","script"
"lighthalzen","lighthalzen","Sergei","谢尔盖","玩家可见","script"
"lighthalzen","lighthalzen","Sewer Pipe","下水管道","玩家可见","script"
"lighthalzen","lighthalzen","Shengwen","盛文","玩家可见","script"
"lighthalzen","lighthalzen","Sigmund","西格蒙德","玩家可见","script"
"lighthalzen","lighthalzen","Skia","斯琪亚","玩家可见","script"
"lighthalzen","lighthalzen","Srinivas","斯里尼瓦斯","玩家可见","script"
"lighthalzen","lighthalzen","Strange Guy","迪尔斯","玩家可见","script"
"lighthalzen","lighthalzen","Sung","成","玩家可见","script"
"lighthalzen","lighthalzen","Suspicious Guy","凯恩","玩家可见","script"
"lighthalzen","lighthalzen","Suspicious mercenary","可疑的佣兵","玩家可见","duplicate"
"lighthalzen","lighthalzen","Switch","盖尔斯坦","玩家可见","script"
"lighthalzen","lighthalzen","Teleport Prohibition equipment","传送限制装置","玩家可见","duplicate"
"lighthalzen","lighthalzen","Trap Specialist","陷阱专家","玩家可见","shop"
"lighthalzen","lighthalzen","Vegetable Gardener","蔬菜园丁","玩家可见","shop"
"lighthalzen","lighthalzen","Vendor from Milk Ranch","牧场牛奶商人","玩家可见","shop"
"lighthalzen","lighthalzen","Vergil","维吉尔","玩家可见","script"
"lighthalzen","lighthalzen","Veteran Adventurer","资深冒险者","玩家可见","script"
"lighthalzen","lighthalzen","Victor Perfecto","维克托·佩尔费克托","玩家可见","script"
"lighthalzen","lighthalzen","Villagomez","维拉戈麦斯","玩家可见","script"
"lighthalzen","lighthalzen","Wallace","华莱士","玩家可见","script"
"lighthalzen","lighthalzen","Weird old man","怪老头","玩家可见","script"
"lighthalzen","lighthalzen","Windmill Owner","米尔斯","玩家可见","script"
"lighthalzen","lighthalzen","Windmill Owner's Helper","克茨","玩家可见","script"
"lighthalzen","lighthalzen","Zonda Teleportation","赞达传送员","玩家可见","duplicate"
"rachel","ra_in01","Ammunition Merchant","弹药商人","玩家可见","duplicate"
"rachel","ra_in01","Armor Dealer","防具商人","玩家可见","shop"
"rachel","ra_in01","Arrow Merchant","箭矢商人","玩家可见","duplicate"
"rachel","ra_in01","Black Marketeer","黑市商人","玩家可见","shop"
"rachel","ra_in01","Book","书籍","玩家可见","script"
"rachel","ra_in01","Cat Paw Shrimp Merchant","猫手虾商人","玩家可见","duplicate"
"rachel","ra_in01","Common-Looking Man","相貌普通的男子","玩家可见","script"
"rachel","ra_in01","Employee","职员","玩家可见","script"
"rachel","ra_in01","Fruit Gardener","水果园丁","玩家可见","shop"
"rachel","ra_in01","Guant Prisoner","关特囚犯","玩家可见","script"
"rachel","ra_in01","Jesse","杰西","玩家可见","script"
"rachel","ra_in01","Karian","卡里安","玩家可见","duplicate"
"rachel","ra_in01","Katinshuell","卡廷舒尔","玩家可见","script"
"rachel","ra_in01","Mado Gear Merchant","魔导机甲商人","玩家可见","duplicate"
"rachel","ra_in01","Manson","曼森","玩家可见","script"
"rachel","ra_in01","MealConversation Trigger","服务员","玩家可见","script"
"rachel","ra_in01","Mr. Shendar","申达先生","玩家可见","script"
"rachel","ra_in01","Ninja Tool Merchant","忍者道具商人","玩家可见","duplicate"
"rachel","ra_in01","Normal-Looking Man","长相普通的男子","玩家可见","script"
"rachel","ra_in01","Old Woman","老妇人","玩家可见","script"
"rachel","ra_in01","Oresa Rava","奥蕾莎·拉瓦","玩家可见","script"
"rachel","ra_in01","Point Merchant","积分商人","玩家可见","duplicate"
"rachel","ra_in01","Stylist","造型师","玩家可见","script"
"rachel","ra_in01","Suspicious-Looking Man","看起来可疑的男子","玩家可见","script"
"rachel","ra_in01","Talisman Merchant","符咒商人","玩家可见","duplicate"
"rachel","ra_in01","Tool Dealer","道具商人","玩家可见","shop"
"rachel","ra_in01","Trap Specialist","陷阱专家","玩家可见","shop"
"rachel","ra_in01","Upset Looking Bard","神情沮丧的吟游诗人","玩家可见","script"
"rachel","ra_in01","Vincent","文森特","玩家可见","script"
"rachel","ra_in01","Waiter","服务员","玩家可见","script"
"rachel","ra_in01","Weapon Dealer","武器商人","玩家可见","shop"
"rachel","ra_temin","Drawer","抽屉","玩家可见","duplicate|script"
"rachel","ra_temin","Elly's Figure","艾莉的身影","玩家可见","script"
"rachel","ra_temin","Female Follower","女性信徒","玩家可见","script"
"rachel","ra_temin","Flower Vase","花瓶","玩家可见","script"
"rachel","ra_temin","Goddess Statue","女神像","玩家可见","script"
"rachel","ra_temin","Guard Dent","守卫登特","玩家可见","script"
"rachel","ra_temin","Guard Neil","守卫尼尔","玩家可见","script"
"rachel","ra_temin","gyoin1","神殿引导员","玩家可见","script"
"rachel","ra_temin","hidden1","隐藏通道","玩家可见","script"
"rachel","ra_temin","High Priest Zhed","大神官杰德","玩家可见","script"
"rachel","ra_temin","High Priestess Niren","大祭司妮伦","玩家可见","script"
"rachel","ra_temin","key1","钥匙装置","玩家可见","script"
"rachel","ra_temin","Ladder","梯子","玩家可见","script"
"rachel","ra_temin","Maram","马拉姆","玩家可见","script"
"rachel","ra_temin","Miriam","米里亚姆","玩家可见","script"
"rachel","ra_temin","Niren","妮伦","玩家可见","duplicate|script"
"rachel","ra_temin","out1","神殿出口","玩家可见","script"
"rachel","ra_temin","Panno","潘诺","玩家可见","script"
"rachel","ra_temin","path_vol1","神殿通道","玩家可见","script"
"rachel","ra_temin","Pope's Office Guard","教皇办公室守卫","玩家可见","duplicate|script"
"rachel","ra_temin","Priest Freya","祭司芙蕾雅","玩家可见","script"
"rachel","ra_temin","Rachel Guard","拉赫守卫","玩家可见","script"
"rachel","ra_temin","Rachel Resident","拉赫居民","玩家可见","duplicate"
"rachel","ra_temin","Rachelite","拉赫居民","玩家可见","duplicate"
"rachel","ra_temin","saint1","圣域入口","玩家可见","script"
"rachel","ra_temin","Signpost","艾因贝赫地下城 1层","玩家可见","script"
"rachel","ra_temin","Suad","苏阿德","玩家可见","script"
"rachel","ra_temin","Temple Knight","神殿骑士","玩家可见","script"
"rachel","ra_temin","vol_time","神殿计时器","玩家可见","script"
"rachel","ra_temin","vol_time2","神殿计时器 2","玩家可见","script"
"rachel","ra_temple","Alliance Manager","联盟管理员","玩家可见","script"
"rachel","ra_temple","Child Follower","年幼信徒","玩家可见","script"
"rachel","ra_temple","Eridanus","艾利达努斯","玩家可见","script"
"rachel","ra_temple","Guard Calsort","守卫卡尔索特","玩家可见","script"
"rachel","ra_temple","Guard Gala","守卫加拉","玩家可见","duplicate"
"rachel","ra_temple","Guard Izu","守卫伊祖","玩家可见","script"
"rachel","ra_temple","Heart Hunter","心脏猎手","玩家可见","duplicate"
"rachel","ra_temple","Marshal Chive","统帅查夫","玩家可见","duplicate"
"rachel","ra_temple","Nemma","内玛","玩家可见","script"
"rachel","ra_temple","Nervous Priest","紧张的祭司","玩家可见","script"
"rachel","ra_temple","Niren","妮伦","玩家可见","script"
"rachel","ra_temple","Nuria","努莉娅","玩家可见","script"
"rachel","ra_temple","Rookie Guard","新任守卫","玩家可见","duplicate"
"rachel","ra_temple","Sippie","西比","玩家可见","script"
"rachel","ra_temple","Temple Entrance","神殿入口","玩家可见","script"
"rachel","ra_temple","zawa00","神殿通道","玩家可见","script"
"rachel","ra_temsky","Female Follower","女性信徒","玩家可见","duplicate|script"
"rachel","ra_temsky","Male Follower","男性信徒","玩家可见","duplicate|script"
"rachel","ra_temsky","Pope","教皇","玩家可见","script"
"rachel","ra_temsky","Priest","神殿守卫","玩家可见","script"
"rachel","ra_temsky","Priestess","女祭司","玩家可见","script"
"rachel","rachel","?","神秘人","玩家可见","script"
"rachel","rachel","Abused Child","受虐待的孩子","玩家可见","duplicate|script"
"rachel","rachel","Amodipin","阿莫迪平","玩家可见","script"
"rachel","rachel","Assistant Mumuz","助理穆穆兹","玩家可见","script"
"rachel","rachel","Bafhail","巴菲尔","玩家可见","duplicate"
"rachel","rachel","Banadis","巴纳迪斯","玩家可见","script"
"rachel","rachel","Bearded Jack","大胡子杰克","玩家可见","script"
"rachel","rachel","Box","箱子","玩家可见","duplicate|script"
"rachel","rachel","Carbonated Water Vending Machine","碳酸水自动售货机","玩家可见","script"
"rachel","rachel","Cash Sales Guide","商城向导","玩家可见","duplicate"
"rachel","rachel","Cheshrumnir Guard","切斯鲁姆尼尔守卫","玩家可见","script"
"rachel","rachel","Child Follower","年幼信徒","玩家可见","script"
"rachel","rachel","Cool Event Corp. Staff","活动公司职员","玩家可见","script"
"rachel","rachel","Crowd","围观群众","玩家可见","duplicate"
"rachel","rachel","Cyr","希尔","玩家可见","script"
"rachel","rachel","Dahil","达希尔","玩家可见","script"
"rachel","rachel","Dina","迪娜","玩家可见","script"
"rachel","rachel","Dolangmal","多朗马尔","玩家可见","duplicate"
"rachel","rachel","Dream","梦境","玩家可见","script"
"rachel","rachel","Dumplings","饺子摊","玩家可见","script"
"rachel","rachel","Eden Teleport Officer","乐园团空间传送员","玩家可见","duplicate"
"rachel","rachel","Festival Manager","庆典管理员","玩家可见","script"
"rachel","rachel","Gatan","加坦","玩家可见","duplicate"
"rachel","rachel","Gefn","格芬","玩家可见","script"
"rachel","rachel","Girke","吉尔克","玩家可见","script"
"rachel","rachel","Girl","女孩","玩家可见","script"
"rachel","rachel","Grandma","奶奶","玩家可见","script"
"rachel","rachel","Greedy Man","贪婪的男子","玩家可见","duplicate"
"rachel","rachel","Guard Gala","守卫加拉","玩家可见","script"
"rachel","rachel","Guard Izu","守卫伊祖","玩家可见","script"
"rachel","rachel","Guild Warehouse Manager","公会仓库管理员","玩家可见","duplicate"
"rachel","rachel","Half Flower","半朵花","玩家可见","script"
"rachel","rachel","Hamion","哈米恩","玩家可见","script"
"rachel","rachel","Hari","哈里","玩家可见","script"
"rachel","rachel","High Priestess Niren","大祭司妮伦","玩家可见","script"
"rachel","rachel","Horn","霍恩","玩家可见","script"
"rachel","rachel","imir3","伊米尔装置","玩家可见","script"
"rachel","rachel","Ishira","伊希拉","玩家可见","script"
"rachel","rachel","Japer","贾珀","玩家可见","script"
"rachel","rachel","Jarad","贾拉德","玩家可见","script"
"rachel","rachel","Jeojin","乔金","玩家可见","script"
"rachel","rachel","Junok","朱诺克","玩家可见","script"
"rachel","rachel","Kafra Teleportation","卡普拉传送员","玩家可见","script"
"rachel","rachel","Karl","卡尔","玩家可见","script"
"rachel","rachel","Kid","孩子","玩家可见","script"
"rachel","rachel","Kinos","基诺斯","玩家可见","script"
"rachel","rachel","Lachellen","拉切伦","玩家可见","script"
"rachel","rachel","Ledrion","莱德里昂","玩家可见","duplicate"
"rachel","rachel","Logan","洛根","玩家可见","script"
"rachel","rachel","Lospii","洛斯皮","玩家可见","duplicate"
"rachel","rachel","Lukshi","卢克希","玩家可见","script"
"rachel","rachel","Mado Gear Armorer","魔导机甲整备员","玩家可见","duplicate"
"rachel","rachel","Magi","马吉","玩家可见","script"
"rachel","rachel","Maram","马拉姆","玩家可见","duplicate|script"
"rachel","rachel","Mardol","马尔多尔","玩家可见","script"
"rachel","rachel","Mark","马克","玩家可见","script"
"rachel","rachel","Maroll Battle Recruiter","马洛尔战斗招募员","玩家可见","duplicate"
"rachel","rachel","Masked Girl","蒙面女孩","玩家可见","script"
"rachel","rachel","Mejai","梅贾伊","玩家可见","script"
"rachel","rachel","Merchant","商人","玩家可见","script"
"rachel","rachel","Miriam","米里亚姆","玩家可见","duplicate|script"
"rachel","rachel","Mohadian","莫哈迪安","玩家可见","script"
"rachel","rachel","Molly","莫莉","玩家可见","duplicate"
"rachel","rachel","Naiman","奈曼","玩家可见","script"
"rachel","rachel","Nervous Priest","紧张的祭司","玩家可见","script"
"rachel","rachel","Niren","妮伦","玩家可见","script"
"rachel","rachel","Niren Great Hall","妮伦大厅","玩家可见","duplicate"
"rachel","rachel","Ordinary Person","普通人","玩家可见","script"
"rachel","rachel","Physics","物理装置","玩家可见","duplicate"
"rachel","rachel","Post Box","邮箱","玩家可见","duplicate"
"rachel","rachel","Priest","神殿守卫","玩家可见","script"
"rachel","rachel","Rachel Guide","拉赫向导","玩家可见","script"
"rachel","rachel","Rare Diamond Merchant","稀有钻石商人","玩家可见","duplicate"
"rachel","rachel","Reminder","提示牌","玩家可见","duplicate"
"rachel","rachel","Rhehe Ravies","蕾赫·拉维斯","玩家可见","script"
"rachel","rachel","Riding Creature Master","坐骑管理员","玩家可见","duplicate"
"rachel","rachel","Rohi","罗希","玩家可见","script"
"rachel","rachel","Royal Messenger","王室使者","玩家可见","duplicate"
"rachel","rachel","Sakjul","萨克朱尔","玩家可见","script"
"rachel","rachel","Salesman","销售员","玩家可见","script"
"rachel","rachel","Samariam","萨马里安","玩家可见","script"
"rachel","rachel","Seeking Follower","阿鲁纳佩尔兹信徒","玩家可见","script"
"rachel","rachel","Senado","塞纳多","玩家可见","script"
"rachel","rachel","Shiroan","希罗安","玩家可见","script"
"rachel","rachel","Shopkeeper","店主","玩家可见","script"
"rachel","rachel","Sincere Follower Urstia","乌斯蒂娅","玩家可见","script"
"rachel","rachel","Squain","斯奎因","玩家可见","script"
"rachel","rachel","Suad","苏阿德","玩家可见","duplicate"
"rachel","rachel","Tamarin","塔玛琳","玩家可见","duplicate"
"rachel","rachel","Temple Item Manager","神殿道具管理员","玩家可见","script"
"rachel","rachel","Tiling","地砖","玩家可见","duplicate"
"rachel","rachel","Vegetable Gardener","蔬菜园丁","玩家可见","shop"
"rachel","rachel","Villager","村民","玩家可见","script"
"rachel","rachel","Zed","泽德","玩家可见","script"
"rachel","rachel","Zonda Teleportation","赞达传送员","玩家可见","duplicate"
"veins","ve_in","???","神秘人物","玩家可见","script"
"veins","ve_in","Armor Dealer","防具商人","玩家可见","shop"
"veins","ve_in","Arrow Merchant","箭矢商人","玩家可见","duplicate"
"veins","ve_in","Bartender","酒保","玩家可见","script"
"veins","ve_in","Bookshelf","书架","玩家可见","script"
"veins","ve_in","Cat Paw Shrimp Merchant","猫手虾商人","玩家可见","duplicate"
"veins","ve_in","Drunkard","醉汉","玩家可见","script"
"veins","ve_in","Drunken Lady","醉酒女士","玩家可见","script"
"veins","ve_in","Drunken Man","醉酒男子","玩家可见","script"
"veins","ve_in","Female Customer","女顾客","玩家可见","script"
"veins","ve_in","Fighter","斗士","玩家可见","script"
"veins","ve_in","Fruit Gardener","水果园丁","玩家可见","shop"
"veins","ve_in","King Crab","帝王蟹","玩家可见","script"
"veins","ve_in","Magical Item Seller","魔法道具商人","玩家可见","shop"
"veins","ve_in","Magistrate","阿尔·哈马德","玩家可见","script"
"veins","ve_in","Male Customer","男顾客","玩家可见","script"
"veins","ve_in","Sludge Worm","污泥虫","玩家可见","duplicate"
"veins","ve_in","Soldier","士兵","玩家可见","script"
"veins","ve_in","Strange Old Man","阿布萨尔","玩家可见","script"
"veins","ve_in","Talisman Merchant","符咒商人","玩家可见","duplicate"
"veins","ve_in","Tool Dealer","道具商人","玩家可见","shop"
"veins","ve_in","Towner","城镇居民","玩家可见","script"
"veins","ve_in","Valerie","瓦莱丽","玩家可见","duplicate"
"veins","ve_in","Waitress","女服务员","玩家可见","script"
"veins","ve_in","Wall Closet","壁橱","玩家可见","script"
"veins","ve_in","Ward","沃德","玩家可见","script"
"veins","ve_in","Weapon Dealer","武器商人","玩家可见","shop"
"veins","ve_in","Young Merchant","克雷夫","玩家可见","script"
"veins","ve_in02","Factory Manager","米伦","玩家可见","script"
"veins","ve_in02","Factory Worker","巴赫德","玩家可见","script"
"veins","veins","Assistant Eureka","助理尤里卡","玩家可见","script"
"veins","veins","Bafhail","巴菲尔","玩家可见","duplicate"
"veins","veins","Camel","骆驼","玩家可见","duplicate|script"
"veins","veins","Carbonated Water Vending Machine","碳酸水自动售货机","玩家可见","duplicate"
"veins","veins","Cool Event Corp. Staff","活动公司职员","玩家可见","script"
"veins","veins","Dandelion","蒲公英","玩家可见","script"
"veins","veins","Eden Teleport Officer","乐园团空间传送员","玩家可见","duplicate"
"veins","veins","Estillda","艾斯蒂尔达","玩家可见","script"
"veins","veins","Gatan","加坦","玩家可见","duplicate"
"veins","veins","Girl","女孩","玩家可见","script"
"veins","veins","Guild Warehouse Manager","公会仓库管理员","玩家可见","duplicate"
"veins","veins","Ivory","有机肥皂制作者艾沃里","玩家可见","script"
"veins","veins","K","凯","玩家可见","script"
"veins","veins","Kafra Teleportation","卡普拉传送员","玩家可见","script"
"veins","veins","Kid","孩子","玩家可见","script"
"veins","veins","Ledrion","莱德里昂","玩家可见","duplicate"
"veins","veins","Lockenlock","锁匠洛肯洛克","玩家可见","script"
"veins","veins","Lospii","洛斯皮","玩家可见","duplicate"
"veins","veins","Maram","马拉姆","玩家可见","duplicate"
"veins","veins","Old Lady","老妇人","玩家可见","script"
"veins","veins","Old Man","老人","玩家可见","script"
"veins","veins","Peddler","商贩","玩家可见","script"
"veins","veins","Point Merchant","积分商人","玩家可见","duplicate"
"veins","veins","Post Box","邮箱","玩家可见","duplicate"
"veins","veins","Royal Messenger","王室使者","玩家可见","duplicate"
"veins","veins","Saraman","萨拉曼","玩家可见","script"
"veins","veins","Towner","城镇居民","玩家可见","script"
"veins","veins","Veins Guide","维因斯向导","玩家可见","duplicate|script"
"veins","veins","Vigilante","巡逻队成员","玩家可见","script"
"veins","veins","Young Town Native","当地青年","玩家可见","script"
"veins","veins","Zonda Teleportation","赞达传送员","玩家可见","duplicate"
"yuno","yuno","A Citizen of Juno","朱诺居民","玩家可见","script"
"yuno","yuno","Active little girl","活泼的小女孩","玩家可见","script"
"yuno","yuno","Airship Representative","飞艇代表","玩家可见","script"
"yuno","yuno","Airship Staff","飞艇职员","玩家可见","script"
"yuno","yuno","Andlangr","安德朗格","玩家可见","script"
"yuno","yuno","Arivero Yurhik","阿里维罗·尤里克","玩家可见","script"
"yuno","yuno","Assistant Avery","助理艾弗里","玩家可见","script"
"yuno","yuno","Auction Hall Guide","拍卖大厅向导","玩家可见","script"
"yuno","yuno","Bulletin Board","艾尔帕兰：边境城市","玩家可见","script"
"yuno","yuno","Carbonated Water Vending Machine","碳酸水自动售货机","玩家可见","duplicate"
"yuno","yuno","Cat Paw Shrimp Merchant","猫手虾商人","玩家可见","duplicate"
"yuno","yuno","Chainheart","链心","玩家可见","script"
"yuno","yuno","Chef Assistant","厨师助手","玩家可见","shop"
"yuno","yuno","Cool Event Staff","活动工作人员","玩家可见","duplicate"
"yuno","yuno","Dog","狗","玩家可见","script"
"yuno","yuno","Dolangmal","多朗马尔","玩家可见","duplicate"
"yuno","yuno","Eden Teleport Officer","乐园团空间传送员","玩家可见","duplicate"
"yuno","yuno","Euslan","尤斯兰","玩家可见","script"
"yuno","yuno","Festival Manager","庆典管理员","玩家可见","script"
"yuno","yuno","Freidrich","弗雷德里希","玩家可见","script"
"yuno","yuno","Gemstone Bagger","宝石装袋商","玩家可见","duplicate"
"yuno","yuno","Gomer","戈默","玩家可见","script"
"yuno","yuno","Guild Warehouse Manager","公会仓库管理员","玩家可见","duplicate"
"yuno","yuno","Himinn","希敏","玩家可见","script"
"yuno","yuno","Historian","历史学家","玩家可见","script"
"yuno","yuno","Hljod","赫廖德","玩家可见","script"
"yuno","yuno","Information Post","信息公告牌","玩家可见","duplicate"
"yuno","yuno","Juno Artisan","工匠","玩家可见","script"
"yuno","yuno","Juno Despot","尼诺","玩家可见","script"
"yuno","yuno","Juno Fighter","塞尔吉奥夫","玩家可见","script"
"yuno","yuno","Juno Granny","老奶奶","玩家可见","script"
"yuno","yuno","Juno Guide","朱诺向导","玩家可见","duplicate|script"
"yuno","yuno","Juno Sage","勒·莫菲斯","玩家可见","script"
"yuno","yuno","Juno Soldier","朱诺士兵","玩家可见","duplicate"
"yuno","yuno","Kafra Employee","卡普拉员工","玩家可见","script"
"yuno","yuno","Kafra Teleportation","卡普拉传送员","玩家可见","script"
"yuno","yuno","Kafra Voting Staff","卡普拉投票员","玩家可见","script"
"yuno","yuno","Karian","卡里安","玩家可见","script"
"yuno","yuno","Kasis","卡西斯","玩家可见","script"
"yuno","yuno","Knight","莱贝赫","玩家可见","script"
"yuno","yuno","Library Master","狗","玩家可见","script"
"yuno","yuno","Little Kid","小孩","玩家可见","script"
"yuno","yuno","Mado Gear Armorer","魔导机甲整备员","玩家可见","duplicate"
"yuno","yuno","Magical Item Seller","魔法道具商人","玩家可见","shop"
"yuno","yuno","Mailbox","邮箱","玩家可见","duplicate"
"yuno","yuno","Mr. Click","克里克先生","玩家可见","script"
"yuno","yuno","Mr. King's Shop","金先生的商店","玩家可见","shop"
"yuno","yuno","Noyee","诺伊","玩家可见","script"
"yuno","yuno","Odd Grandma","古怪的老奶奶","玩家可见","script"
"yuno","yuno","Old Blacksmith","老铁匠","玩家可见","script"
"yuno","yuno","Old Lady","老妇人","玩家可见","script"
"yuno","yuno","Pet Groomer","宠物美容师","玩家可见","duplicate"
"yuno","yuno","Riding Creature Master","坐骑管理员","玩家可见","duplicate"
"yuno","yuno","Rmimi Ravies","瑞米米·拉维斯","玩家可见","script"
"yuno","yuno","Rosimmir_Entrance","罗西米尔入口","玩家可见","script"
"yuno","yuno","Royal Messenger","王室使者","玩家可见","duplicate"
"yuno","yuno","Sage Esklah","贤者埃斯克拉","玩家可见","script"
"yuno","yuno","Sage Syklah","贤者西克拉","玩家可见","script"
"yuno","yuno","Sage Yklah","贤者伊克拉","玩家可见","script"
"yuno","yuno","Scrutiny Association","监察协会","玩家可见","script"
"yuno","yuno","Skidbladnir","斯基德普拉特尼","玩家可见","script"
"yuno","yuno","Teleport Prohibition equipment","传送限制装置","玩家可见","duplicate"
"yuno","yuno","Tool Dealer","道具商人","玩家可见","shop"
"yuno","yuno","Valerie","瓦莱丽","玩家可见","duplicate"
"yuno","yuno","Viblainn","维布莱恩","玩家可见","script"
"yuno","yuno","Yuno Prohibition equipment","朱诺限制装置","玩家可见","script"
"yuno","yuno","Zhenbolt","琴波特","玩家可见","script"
"yuno","yuno","Zonda Teleportation","赞达传送员","玩家可见","duplicate"
"yuno","yuno_in01","Ammunition Merchant","弹药商人","玩家可见","duplicate"
"yuno","yuno_in01","Apple of Idun","伊登的苹果","玩家可见","script"
"yuno","yuno_in01","Armor Dealer","防具商人","玩家可见","shop"
"yuno","yuno_in01","Arrow Merchant","箭矢商人","玩家可见","duplicate"
"yuno","yuno_in01","Bain","贝恩","玩家可见","script"
"yuno","yuno_in01","Bajin","巴金","玩家可见","script"
"yuno","yuno_in01","Basta","巴斯塔","玩家可见","duplicate"
"yuno","yuno_in01","Battle Songs","战场鼓声","玩家可见","script"
"yuno","yuno_in01","Blacksmith Cleaver","铁匠克利弗","玩家可见","script"
"yuno","yuno_in01","Delight","德莱特","玩家可见","duplicate|script"
"yuno","yuno_in01","Dilemma","迪莱玛","玩家可见","script"
"yuno","yuno_in01","Dimir","迪米尔","玩家可见","duplicate"
"yuno","yuno_in01","Doctor","西尔奈尔","玩家可见","script"
"yuno","yuno_in01","Gemstone Bagger","宝石装袋商","玩家可见","duplicate"
"yuno","yuno_in01","go away","请勿靠近","玩家可见","script"
"yuno","yuno_in01","Kato","卡托","玩家可见","script"
"yuno","yuno_in01","Lambert","兰伯特","玩家可见","script"
"yuno","yuno_in01","Luke's Songs Vol.1","人生如水车","玩家可见","script"
"yuno","yuno_in01","Mado Gear Merchant","魔导机甲商人","玩家可见","duplicate"
"yuno","yuno_in01","Mighty Hammer","神锤铁匠","玩家可见","duplicate"
"yuno","yuno_in01","Ninja Tool Merchant","忍者道具商人","玩家可见","duplicate"
"yuno","yuno_in01","Old Book","旧书","玩家可见","script"
"yuno","yuno_in01","Old Man","老人","玩家可见","script"
"yuno","yuno_in01","Pub Master","范特","玩家可见","script"
"yuno","yuno_in01","Repairman","修理工","玩家可见","script"
"yuno","yuno_in01","Stangckle","斯坦克尔","玩家可见","script"
"yuno","yuno_in01","Talisman Merchant","符咒商人","玩家可见","duplicate"
"yuno","yuno_in01","Tool Dealer","道具商人","玩家可见","shop"
"yuno","yuno_in01","Wagan","瓦甘","玩家可见","script"
"yuno","yuno_in01","Weapon Dealer","武器商人","玩家可见","shop"
"yuno","yuno_in02","Dean of the Academy","凯隆·格里克","玩家可见","script"
"yuno","yuno_in02","Valerie","瓦莱丽","玩家可见","duplicate"
"yuno","yuno_in03","Alice","爱丽丝","玩家可见","script"
"yuno","yuno_in03","Ancient Mummy","古代木乃伊","玩家可见","script"
"yuno","yuno_in03","Ant Egg","蚂蚁卵","玩家可见","script"
"yuno","yuno_in03","Arclouz","艾尔克诺兹","玩家可见","script"
"yuno","yuno_in03","Assulter","阿修罗狂战士","玩家可见","script"
"yuno","yuno_in03","Biology Professor","卢修斯·凯尔苏斯","玩家可见","script"
"yuno","yuno_in03","Blazzer","火焰妖","玩家可见","script"
"yuno","yuno_in03","Caterpillar","狂暴螳螂","玩家可见","script"
"yuno","yuno_in03","Chepet","玩偶熊","玩家可见","script"
"yuno","yuno_in03","CiCi","茜茜","玩家可见","script"
"yuno","yuno_in03","Deviace","异变鱼","玩家可见","script"
"yuno","yuno_in03","Dragon Tail","蜻蜓","玩家可见","script"
"yuno","yuno_in03","Galapago","果树龟","玩家可见","script"
"yuno","yuno_in03","Geographer","邪恶向日葵","玩家可见","script"
"yuno","yuno_in03","History Professor","萨菲恩·莱利斯","玩家可见","script"
"yuno","yuno_in03","Incubus","梦魇","玩家可见","script"
"yuno","yuno_in03","Male Thiefbug","雄盗虫","玩家可见","script"
"yuno","yuno_in03","Mandragora","曼陀罗魔花","玩家可见","script"
"yuno","yuno_in03","Marine Sphere","气泡虫","玩家可见","script"
"yuno","yuno_in03","Megalodon","邪骸海盗","玩家可见","script"
"yuno","yuno_in03","Metto","梅托","玩家可见","script"
"yuno","yuno_in03","Mischna","米舒娜","玩家可见","script"
"yuno","yuno_in03","Museum Guide","博物馆向导","玩家可见","script"
"yuno","yuno_in03","Nehris","内里斯","玩家可见","script"
"yuno","yuno_in03","Owl Duke","鸮袅男爵","玩家可见","script"
"yuno","yuno_in03","PecoPeco Egg","大嘴鸟蛋","玩家可见","script"
"yuno","yuno_in03","Penomena","裘卡","玩家可见","script"
"yuno","yuno_in03","Physics Professor","阿贝西·乔治","玩家可见","script"
"yuno","yuno_in03","Practical Examination P","赫尔墨斯·特里斯","玩家可见","script"
"yuno","yuno_in03","Rafflesia","捕虫堇","玩家可见","script"
"yuno","yuno_in03","Raydric","幽灵剑士","玩家可见","script"
"yuno","yuno_in03","Ride Word","飞行魔书","玩家可见","script"
"yuno","yuno_in03","Sage Worm","贤者虫","玩家可见","script"
"yuno","yuno_in03","Scroll Merchant","卷轴商人","玩家可见","shop"
"yuno","yuno_in03","Seal","封印","玩家可见","script"
"yuno","yuno_in03","Sleeper","泥人","玩家可见","script"
"yuno","yuno_in03","Staff of the Academy","梅修斯·西尔菲","玩家可见","script"
"yuno","yuno_in03","Stem Worm","噬人花","玩家可见","script"
"yuno","yuno_in03","Succubus","魅魔","玩家可见","script"
"yuno","yuno_in03","Thief Bug Egg","盗虫卵","玩家可见","script"
"yuno","yuno_in03","Tri Joint","三叶铁甲虫","玩家可见","script"
"yuno","yuno_in03","Violy","狂暴米洛斯","玩家可见","script"
"yuno","yuno_in03","Wanderer","浪人","玩家可见","script"
"yuno","yuno_in03","Written Test Professor","克莱托斯·维尔多","玩家可见","script"
"yuno","yuno_in04","Adventurer","冒险者","玩家可见","script"
"yuno","yuno_in04","Ambitious Hollgrehenn","雄心勃勃的忽克连","玩家可见","script"
"yuno","yuno_in04","Archeologist","考古学家","玩家可见","script"
"yuno","yuno_in04","Book","书籍","玩家可见","script"
"yuno","yuno_in04","Bundle of Files","一捆文件","玩家可见","script"
"yuno","yuno_in04","Degas","德加","玩家可见","script"
"yuno","yuno_in04","Hamerun, Rat Hunter","捕鼠人哈梅伦","玩家可见","script"
"yuno","yuno_in04","Hot Bestseller Corner","畅销书专区","玩家可见","script"
"yuno","yuno_in04","Irache","伊拉切","玩家可见","script"
"yuno","yuno_in04","Library Part-Timer","图书馆兼职生","玩家可见","script"
"yuno","yuno_in04","Old News Scrapbook","旧新闻剪报","玩家可见","script"
"yuno","yuno_in04","Paper","纸张","玩家可见","script"
"yuno","yuno_in04","Passionate Student","班卡斯坦","玩家可见","script"
"yuno","yuno_in04","Penniless Hollgrehenn","身无分文的忽克连","玩家可见","script"
"yuno","yuno_in04","Pile of Books","一堆书","玩家可见","script"
"yuno","yuno_in04","Pisruik","皮斯鲁克","玩家可见","script"
"yuno","yuno_in04","Popular Feasts","热门宴席","玩家可见","script"
"yuno","yuno_in04","Reading Girl","读书女孩","玩家可见","script"
"yuno","yuno_in04","Red Book","红色书籍","玩家可见","script"
"yuno","yuno_in04","Representative","代表","玩家可见","script"
"yuno","yuno_in04","Scholar","学者","玩家可见","script"
"yuno","yuno_in04","Scroll","卷轴","玩家可见","script"
"yuno","yuno_in04","Student","乔伊·乔里","玩家可见","script"
"yuno","yuno_in04","Studying Scholar","研究中的学者","玩家可见","script"
"yuno","yuno_in04","Stylist","造型师","玩家可见","script"
"yuno","yuno_in04","Suspicious Man","奥利弗·希尔珀特","玩家可见","script"
"yuno","yuno_in04","Worn-out Book","破旧的书","玩家可见","script"
